Form Number,Date,Gear ,Landing Site ,Shark/Ray,Family name,Shark Scientific name,Common name ,Swahili name,Sex,Weight (kg),Total length (cm),Fork length,Pre-caudal length,Disc length,Disc width,photo ID,Comment
NGM280518-01,28-May-18,Gillnet,Ngomeni,Shark,Carcharhinidae,Carcharhinus falciformis,Silky shark,Subili,M,1.5,68,,,,,,
NGM280518-01,28-May-18,Gillnet,Ngomeni,Shark,Carcharhinidae,Carcharhinus falciformis,Silky shark,Subili,M,2,71.5,,,,,,
NGM280518-01,28-May-18,Gillnet,Ngomeni,Shark,Carcharhinidae,Carcharhinus falciformis,Silky shark,Subili,M,2.5,74,,,,,,
NGM280518-01,28-May-18,Gillnet,Ngomeni,Shark,Carcharhinidae,Carcharhinus falciformis,Silky shark,Subili,M,2,71,,,,,,
NGM280518-01,28-May-18,Gillnet,Ngomeni,Shark,Carcharhinidae,Carcharhinus falciformis,Silky shark,Subili,M,3,92,,,,,,
NGM290518-01,29-May-23,Gillnet,Ngomeni,Shark,Carcharhinidae,Carcharhinus falciformis,Silky shark,Subili,M,3.5,92.5,,,,,,
NGM290518-01,29-May-23,Gillnet,Ngomeni,Shark,Carcharhinidae,Carcharhinus falciformis,Silky shark,Subili,M,3,91,,,,,,
NGM290518-01,29-May-23,Gillnet,Ngomeni,Shark,Carcharhinidae,Carcharhinus falciformis,Silky shark,Subili,M,2,71,,,,,,
NGM290518-01,29-May-23,Gillnet,Ngomeni,Shark,Carcharhinidae,Carcharhinus falciformis,Silky shark,Subili,M,2.5,72.5,,,,,,
NGM290518-02,29-May-23,Gillnet,Ngomeni,Shark,Carcharhinidae,Carcharhinus falciformis,Silky shark,Subili,M,3.5,91,,,,,,
NGM290518-02,29-May-23,Gillnet,Ngomeni,Shark,Carcharhinidae,Carcharhinus falciformis,Silky shark,Subili,M,3,90,,,,,,
NGM310518-01,31-May-24,Gillnet,Ngomeni,Shark,Carcharhinidae,Carcharhinus falciformis,Silky shark,Subili,M,3,92.5,,,,,,
NGM310518-02,31-May-24,Gillnet,Ngomeni,Shark,Carcharhinidae,Carcharhinus sorrah,Spottail shark,Mwanga chapa,M,2,72.5,,,,,,
NGM310518-03,31-May-24,Monofilament,Ngomeni,Shark,Sphyrnidae,Sphyrna lewini,Scalloped hammerhead,Mbingusi,F,1.5,67,,,,,,
NGM010618-01,1-Jun-18,Gillnet,Ngomeni,Shark,Pristidae,Pristis spp,Sawfish,Papa brasi,F,120,110,,,,,,
NGM010618-02,1-Jun-18,Gillnet,Ngomeni,Ray,Dasyatidae,Taeniura meyeni,Round ribbontail ray,Shepwa,F,30,,,,30,,,
NGM010618-02,1-Jun-18,Gillnet,Ngomeni,Ray,Dasyatidae,Taeniura meyeni,Round ribbontail ray,Shepwa,M,24,,,,16,,,
NGM010618-03,1-Jun-18,Monofilament,Ngomeni,Ray,Dasyatidae,Taeniura lymma,Bluespotted ribbontail ray,Shepwa nundwi,F,33,,,,71,,,
NGM010618-04,1-Jun-18,Monofilament,Ngomeni,Ray,Dasyatidae,Taeniura lymma,Bluespotted ribbontail ray,Shepwa nundwi,F,29,,,,68,,,
SHM090518-01,9-May-18,Speargun,Shimoni,Ray,Dasyatidae,Taeniura lymma,Bluespotted ribbontail ray,Shepwa nundwi,F,27,,,,66,,,
SHM090518-02,9-May-18,Speargun,Shimoni,Ray,Dasyatidae,Taeniura lymma,Bluespotted ribbontail ray,Shepwa nundwi,F,27,,,,67,,,
SHM140518-01,14-May-18,Handline,Shimoni,Ray,Myliobatidae,Mobula kuhlii ,Lesser devilray,Shepwa chenga/Taa maji,F,2.7,,,,54,34,,
SHM240518-01,24-May-18,Speargun,Shimoni,Shark,Rhyncodontidae,Rhynchobatus djiddensis,Giant guitarfish,Papa kiharere,Juvenile,1.23,73,,,,,,
SHM240518-01,24-May-18,Speargun,Shimoni,Ray,Dasyatidae,Taeniura lymma,Bluespotted ribbontail ray,Shepwa nundwi,,1.17,,,,59,35,,
SHM240518-01,24-May-18,Speargun,Shimoni,Ray,Dasyatidae,Taeniura lymma,Bluespotted ribbontail ray,Shepwa nundwi,,1.1,,,,63,37,,
SHM300518-01,30-May-18,Speargun,Shimoni,Ray,Myliobatidae,Aetobatus narinari ,Spotted eagleray,Shepwa Tenga/Kipungu,,18,,,,102,75,,
SHM300518-01,30-May-18,Speargun,Shimoni,Ray,Myliobatidae,Aetobatus narinari ,Spotted eagleray,Shepwa Tenga/Kipungu,,18,,,,59,35,,
SHM310518-01,31-May-18,Speargun,Shimoni,Ray,Dasyatidae,Taeniura lymma,Bluespotted ribbontail ray,Shepwa nundwi/Karwe,,2.49,,,,,,,
SHM040618-01,4-Jun-18,Speargun,Shimoni,Ray,Myliobatidae,Mobula kuhlii ,Lesser devilray,Shepwa chenga/Taa maji,,38,,,,100,,,
SHM060618-01,6-Jun-18,Speargun,Shimoni,Ray,Dasyatidae,Taeniura lymma,Bluespotted ribbontail ray,Shepwa nundwi/Karwe,,1.4,,,,28.5,23,,
SHM060618-01,6-Jun-18,Speargun,Shimoni,Ray,Dasyatidae,Taeniura lymma,Bluespotted ribbontail ray,Shepwa nundwi/Karwe,,1.4,,,,35.5,23.6,,
SHM190618-01,19-Jun-18,Speargun,Shimoni,Shark,Rhyncodontidae,Rhynchobatus djiddensis,Giant guitarfish,Papa kiharere/Fuanda,Juvenile,2,87,52,,,,,
SHM200618-01,20-Jun-18,Handline,Shimoni,Shark,Rhyncodontidae,Rhynchobatus djiddensis,Giant guitarfish,Papa kiharere/Fuanda,F,105,153,,,,,,Caught with young ones
SHM200618-01,20-Jun-18,Handline,Shimoni,Shark,Rhyncodontidae,Rhynchobatus djiddensis,Giant guitarfish,Papa kiharere/Fuanda,,12,98,,,,,,
SHM200618-01,20-Jun-18,Handline,Shimoni,Shark,Rhyncodontidae,Rhynchobatus djiddensis,Giant guitarfish,Papa kiharere/Fuanda,,0.645,52,,,,,,
SHM200618-01,20-Jun-18,Handline,Shimoni,Shark,Rhyncodontidae,Rhynchobatus djiddensis,Giant guitarfish,Papa kiharere/Fuanda,,0.64,51,,,,,,
SHM200618-01,20-Jun-18,Handline,Shimoni,Shark,Rhyncodontidae,Rhynchobatus djiddensis,Giant guitarfish,Papa kiharere/Fuanda,,0.61,52,,,,,,
SHM200618-01,20-Jun-18,Handline,Shimoni,Shark,Rhyncodontidae,Rhynchobatus djiddensis,Giant guitarfish,Papa kiharere/Fuanda,,0.635,52,,,,,,
SHM200618-01,20-Jun-18,Handline,Shimoni,Shark,Rhyncodontidae,Rhynchobatus djiddensis,Giant guitarfish,Papa kiharere/Fuanda,,0.625,51,,,,,,
SHM200618-01,20-Jun-18,Handline,Shimoni,Shark,Rhyncodontidae,Rhynchobatus djiddensis,Giant guitarfish,Papa kiharere/Fuanda,,,,,,,,,
SHM220618-01,22-Jun-18,Handline,Shimoni,Ray,Myliobatidae,Mobula kuhlii ,Flapnose ray,Tenga,F,20,,,,67,13,,
SHM250618-01,25-Jun-18,Handline,Shimoni,Shark,Rhyncodontidae,Rhynchobatus djiddensis,Giant guitarfish,Papa kiharere/Fuanda,F,19,65,26,,,,,
SHM260618-01,26-Jun-18,Handline,Shimoni,Ray,Dasyatidae,Himantura uarnak ,Honeycomb stingray,Shepwa tuvi/Brungozi,,35,,,,98,123,,
SHM280618-01,28-Jun-18,Handline,Shimoni,Ray,Myliobatidae,Aetobatus narinari ,Spotted eagleray,Shepwa nundwi/Karwe,F,16,,,,38.5,117,,
SHM280618-01,28-Jun-18,Handline,Shimoni,Ray,Myliobatidae,Aetobatus narinari ,Spotted eagleray,Shepwa nundwi/Karwe,F,18,,,,63.5,67,,
SHM280618-02,28-Jun-18,Handline,Shimoni,Ray,Myliobatidae,Aetobatus narinari ,Spotted eagleray,Shepwa nundwi/Karwe,F,19,,,,60,53,,
SHM290618-01,29-Jun-18,Handline,Shimoni,Ray,Dasyatidae,Taeniura lymma,Bluespotted ribbontail ray,Shepwa nundwi/Karwe,Juvenile,1.8,,,,32,24,,
SHM290618-01,29-Jun-18,Handline,Shimoni,Ray,Dasyatidae,Taeniura lymma,Bluespotted ribbontail ray,Shepwa nundwi/Karwe,Juvenile,4,,,,97,52,,
SHM300618-01,30-Jun-18,Handline,Shimoni,Ray,Dasyatidae,Taeniura lymma,Bluespotted ribbontail ray,Shepwa nundwi/Karwe,,14,,,,60.2,70.3,,
SHM300618-01,30-Jun-18,Handline,Shimoni,Ray,Dasyatidae,Taeniura lymma,Bluespotted ribbontail ray,Shepwa nundwi/Karwe,,17,,,,96,100,,
SHM300618-01,30-Jun-18,Handline,Shimoni,Ray,Dasyatidae,Taeniura lymma,Bluespotted ribbontail ray,Shepwa nundwi/Karwe,Juvenile,1.58,,,,68,74,,
KPN010618-01,1-Jun-18,Handline,Kipini,Shark,Sphyrnidae,Sphyrna lewini,Scalloped hammerhead,Mbingusi,M,1.5,59,,,,,,
KPN010618-01,1-Jun-18,Handline,Kipini,Shark,Sphyrnidae,Sphyrna lewini,Scalloped hammerhead,Mbingusi,M,2,65,,,,,,
KPN010618-01,1-Jun-18,Handline,Kipini,Shark,Sphyrnidae,Sphyrna lewini,Scalloped hammerhead,Mbingusi,F,1.25,57.5,,,,,,
KPN010618-01,1-Jun-18,Handline,Kipini,Shark,Carcharhinidae,Carcharhinus leucas,Bullshark,Burasi,M,0.5,53,,,,,,
KPN010618-01,1-Jun-18,Handline,Kipini,Shark,Carcharhinidae,Carcharhinus leucas,Bullshark,Burasi,M,0.75,57,,,,,,
KPN010618-01,1-Jun-18,Handline,Kipini,Shark,Carcharhinidae,Carcharhinus leucas,Bullshark,Burasi,F,0.5,49,,,,,,
KPN010618-01,1-Jun-18,Handline,Kipini,Shark,Sphyrnidae,Sphyrna lewini,Scalloped hammerhead,Mbingusi,M,1.8,67,,,,,,
KPN010618-01,1-Jun-18,Handline,Kipini,Shark,Sphyrnidae,Sphyrna lewini,Scalloped hammerhead,Mbingusi,M,0.75,53,,,,,,
KPN010618-01,1-Jun-18,Handline,Kipini,Shark,Sphyrnidae,Sphyrna lewini,Scalloped hammerhead,Mbingusi,F,1.25,62,,,,,,
KPN010618-02,1-Jun-18,Handline,Kipini,Shark,Sphyrnidae,Sphyrna lewini,Scalloped hammerhead,Mbingusi,M,1.5,52,,,,,,
KPN010618-02,1-Jun-18,Handline,Kipini,Shark,Sphyrnidae,Sphyrna lewini,Scalloped hammerhead,Mbingusi,M,1.75,57,,,,,,
KPN010618-02,1-Jun-18,Handline,Kipini,Shark,Sphyrnidae,Sphyrna lewini,Scalloped hammerhead,Mbingusi,M,2,60,,,,,,
KPN010618-02,1-Jun-18,Handline,Kipini,Shark,Sphyrnidae,Sphyrna lewini,Scalloped hammerhead,Mbingusi,M,2,64,,,,,,
KPN010618-02,1-Jun-18,Handline,Kipini,Shark,Sphyrnidae,Sphyrna lewini,Scalloped hammerhead,Mbingusi,F,1.5,56,,,,,,
KPN010618-02,1-Jun-18,Handline,Kipini,Shark,Sphyrnidae,Sphyrna lewini,Scalloped hammerhead,Mbingusi,F,0.5,53,,,,,,
KPN010618-02,1-Jun-18,Handline,Kipini,Shark,Carcharhinidae,Carcharhinus leucas,Bullshark,Burasi,F,1,55,,,,,,
KPN010618-02,1-Jun-18,Handline,Kipini,Shark,Carcharhinidae,Carcharhinus leucas,Bullshark,Burasi,M,1,52,,,,,,
KPN010618-02,1-Jun-18,Handline,Kipini,Shark,Carcharhinidae,Carcharhinus leucas,Bullshark,Burasi,M,0.5,45,,,,,,
KPN010618-02,1-Jun-18,Handline,Kipini,Shark,Carcharhinidae,Carcharhinus leucas,Bullshark,Burasi,F,0.5,42,,,,,,
KPN020618-01,2-Jun-18,Handline,Kipini,Shark,Sphyrnidae,Sphyrna lewini,Scalloped hammerhead,Mbingusi,F,1,53,,,,,,
KPN020618-01,2-Jun-18,Handline,Kipini,Shark,Sphyrnidae,Sphyrna lewini,Scalloped hammerhead,Mbingusi,M,1.5,59,,,,,,
KPN020618-01,2-Jun-18,Handline,Kipini,Shark,Sphyrnidae,Sphyrna lewini,Scalloped hammerhead,Mbingusi,M,1,56,,,,,,
KPN020618-01,2-Jun-18,Handline,Kipini,Shark,Sphyrnidae,Sphyrna lewini,Scalloped hammerhead,Mbingusi,M,2,68,,,,,,
KPN020618-01,2-Jun-18,Handline,Kipini,Shark,Sphyrnidae,Sphyrna lewini,Scalloped hammerhead,Mbingusi,F,2,67,,,,,,
KPN020618-01,2-Jun-18,Handline,Kipini,Shark,Carcharhinidae,Carcharhinus melanopterus,Blacktip reef shark,Mbiu,M,1.5,56,,,,,,
KPN020618-01,2-Jun-18,Handline,Kipini,Shark,Carcharhinidae,Carcharhinus melanopterus,Blacktip reef shark,Mbiu,M,1,56,,,,,,
KPN020618-01,2-Jun-18,Handline,Kipini,Shark,Carcharhinidae,Carcharhinus amblyrhynchos,Grey reef,Papa mtanga,F,0.5,54,,,,,,
KPN020618-01,2-Jun-18,Handline,Kipini,Shark,Carcharhinidae,Carcharhinus amblyrhynchos,Grey reef,Papa mtanga,F,0.75,55.5,,,,,,
KPN020618-02,2-Jun-18,Handline,Kipini,Shark,Sphyrnidae,Sphyrna lewini,Scalloped hammerhead,Mbingusi,F,1,53,,,,,,
KPN020618-02,2-Jun-18,Handline,Kipini,Shark,Sphyrnidae,Sphyrna lewini,Scalloped hammerhead,Mbingusi,F,1,50,,,,,,
KPN020618-02,2-Jun-18,Handline,Kipini,Shark,Sphyrnidae,Sphyrna lewini,Scalloped hammerhead,Mbingusi,F,1,48,,,,,,
KPN020618-02,2-Jun-18,Handline,Kipini,Shark,Sphyrnidae,Sphyrna lewini,Scalloped hammerhead,Mbingusi,M,1,50,,,,,,
KPN020618-02,2-Jun-18,Handline,Kipini,Shark,Carcharhinidae,Carcharhinus amblyrhynchos,Grey reef,Papa mtanga,M,1.5,58,,,,,,
KPN020618-02,2-Jun-18,Handline,Kipini,Shark,Carcharhinidae,Carcharhinus amblyrhynchos,Grey reef,Papa mtanga,F,1,53,,,,,,
KPN020618-02,2-Jun-18,Handline,Kipini,Shark,Carcharhinidae,Carcharhinus amblyrhynchos,Grey reef,Papa mtanga,M,1,56,,,,,,
KPN020618-02,2-Jun-18,Handline,Kipini,Shark,Carcharhinidae,Carcharhinus leucas,Bullshark,Burasi,M,1.5,67,,,,,,
KPN020618-02,2-Jun-18,Handline,Kipini,Shark,Carcharhinidae,Carcharhinus leucas,Bullshark,Burasi,M,1,59,,,,,,
KPN030618-01,3-Jun-18,Handline,Kipini,Shark,Rhyncodontidae,Rhynchobatus djiddensis,Giant guitarfish,papa upanga,M,0.75,57.5,,,,,,
KPN030618-01,3-Jun-18,Handline,Kipini,Shark,Rhyncodontidae,Rhynchobatus djiddensis,Giant guitarfish,papa upanga,M,0.75,57,,,,,,
KPN030618-01,3-Jun-18,Handline,Kipini,Shark,Rhyncodontidae,Rhynchobatus djiddensis,Giant guitarfish,papa upanga,F,0.75,55,,,,,,
KPN030618-01,3-Jun-18,Handline,Kipini,Shark,Sphyrnidae,Sphyrna lewini,Scalloped hammerhead,Mbingusi,F,1.75,57,,,,,,
KPN030618-01,3-Jun-18,Handline,Kipini,Shark,Sphyrnidae,Sphyrna lewini,Scalloped hammerhead,Mbingusi,F,2,60,,,,,,
KPN030618-01,3-Jun-18,Handline,Kipini,Shark,Sphyrnidae,Sphyrna lewini,Scalloped hammerhead,Mbingusi,M,2,64,,,,,,
KPN030618-01,3-Jun-18,Handline,Kipini,Shark,Sphyrnidae,Sphyrna lewini,Scalloped hammerhead,Mbingusi,F,1.5,56,,,,,,
KPN030618-01,3-Jun-18,Handline,Kipini,Shark,Sphyrnidae,Sphyrna lewini,Scalloped hammerhead,Mbingusi,M,1.5,54,,,,,,
KPN030618-01,3-Jun-18,Handline,Kipini,Shark,Sphyrnidae,Sphyrna lewini,Scalloped hammerhead,Mbingusi,M,2,61,,,,,,
KPN030618-01,3-Jun-18,Handline,Kipini,Shark,Sphyrnidae,Sphyrna lewini,Scalloped hammerhead,Mbingusi,M,1.5,62,,,,,,
KPN030618-02,3-Jun-18,Handline,Kipini,Shark,Sphyrnidae,Sphyrna lewini,Scalloped hammerhead,Mbingusi,F,2,70,,,,,,
KPN030618-02,3-Jun-18,Handline,Kipini,Shark,Sphyrnidae,Sphyrna lewini,Scalloped hammerhead,Mbingusi,M,1.5,59,,,,,,
KPN030618-02,3-Jun-18,Handline,Kipini,Shark,Sphyrnidae,Sphyrna lewini,Scalloped hammerhead,Mbingusi,M,1,56,,,,,,
KPN030618-02,3-Jun-18,Handline,Kipini,Shark,Sphyrnidae,Sphyrna lewini,Scalloped hammerhead,Mbingusi,F,0.5,53,,,,,,
KPN030618-02,3-Jun-18,Handline,Kipini,Shark,Sphyrnidae,Sphyrna lewini,Scalloped hammerhead,Mbingusi,F,2,62,,,,,,
KPN030618-02,3-Jun-18,Handline,Kipini,Shark,Sphyrnidae,Sphyrna lewini,Scalloped hammerhead,Mbingusi,F,1,59,,,,,,
KPN030618-02,3-Jun-18,Handline,Kipini,Shark,Carcharhinidae,Carcharhinus melanopterus,Blacktip reef shark,Mbiu,F,2,94.5,,,,,,
KPN030618-02,3-Jun-18,Handline,Kipini,Shark,Carcharhinidae,Carcharhinus melanopterus,Blacktip reef shark,Mbiu,M,2,87,,,,,,
KPN030618-02,3-Jun-18,Handline,Kipini,Shark,Carcharhinidae,Carcharhinus melanopterus,Blacktip reef shark,Mbiu,M,2,85,,,,,,
KPN040618-01,4-Jun-18,Handline,Kipini,Shark,Sphyrnidae,Sphyrna lewini,Scalloped hammerhead,Mbingusi,M,1,50.5,,,,,,
KPN040618-01,4-Jun-18,Handline,Kipini,Shark,Sphyrnidae,Sphyrna lewini,Scalloped hammerhead,Mbingusi,F,1,45,,,,,,
KPN040618-01,4-Jun-18,Handline,Kipini,Shark,Sphyrnidae,Sphyrna lewini,Scalloped hammerhead,Mbingusi,F,1,48,,,,,,
KPN040618-01,4-Jun-18,Handline,Kipini,Shark,Sphyrnidae,Sphyrna lewini,Scalloped hammerhead,Mbingusi,F,1.5,75,,,,,,
KPN040618-01,4-Jun-18,Handline,Kipini,Shark,Carcharhinidae,Carcharhinus leucas,Bullshark,Burasi,M,1,47,,,,,,
KPN040618-01,4-Jun-18,Handline,Kipini,Shark,Carcharhinidae,Carcharhinus leucas,Bullshark,Burasi,M,1.25,53,,,,,,
KPN040618-01,4-Jun-18,Handline,Kipini,Shark,Carcharhinidae,Carcharhinus amblyrhynchos,Grey reef,Suhela,M,0.25,33,,,,,,
KPN040618-01,4-Jun-18,Handline,Kipini,Shark,Carcharhinidae,Carcharhinus amblyrhynchos,Grey reef,Suhela,M,0.25,38,,,,,,
KPN040618-01,4-Jun-18,Handline,Kipini,Shark,Carcharhinidae,Carcharhinus amblyrhynchos,Grey reef,Suhela,F,0.25,41,,,,,,
KPN040618-02,4-Jun-18,Handline,Kipini,Shark,Carcharhinidae,Carcharhinus leucas,Bullshark,Burasi,F,2,78,,,,,,
KPN040618-02,4-Jun-18,Handline,Kipini,Shark,Carcharhinidae,Carcharhinus leucas,Bullshark,Burasi,M,2,96,,,,,,
KPN040618-02,4-Jun-18,Handline,Kipini,Shark,Carcharhinidae,Carcharhinus leucas,Bullshark,Burasi,F,3,110,,,,,,
KPN040618-02,4-Jun-18,Handline,Kipini,Shark,Carcharhinidae,Carcharhinus leucas,Bullshark,Burasi,F,2,102,,,,,,
KPN040618-02,4-Jun-18,Handline,Kipini,Shark,Carcharhinidae,Carcharhinus leucas,Bullshark,Burasi,F,2.5,95,,,,,,
KPN040618-02,4-Jun-18,Handline,Kipini,Shark,Carcharhinidae,Carcharhinus leucas,Bullshark,Burasi,F,1.5,87,,,,,,
KPN040618-02,4-Jun-18,Handline,Kipini,Shark,Carcharhinidae,Carcharhinus leucas,Bullshark,Burasi,M,2,91,,,,,,
KPN040618-02,4-Jun-18,Handline,Kipini,Shark,Carcharhinidae,Carcharhinus amblyrhynchos,Grey reef,Suhela,F,0.25,45,,,,,,
KPN040618-02,4-Jun-18,Handline,Kipini,Shark,Carcharhinidae,Carcharhinus amblyrhynchos,Grey reef,Suhela,M,0.5,54,,,,,,
KPN040618-02,4-Jun-18,Handline,Kipini,Shark,Carcharhinidae,Carcharhinus amblyrhynchos,Grey reef,Suhela,F,0.25,41,,,,,,
KPN050618-01,5-Jun-18,Handline,Kipini,Shark,Sphyrnidae,Sphyrna lewini,Scalloped hammerhead,Mbingusi,F,1,61.5,,,,,,
KPN050618-01,5-Jun-18,Handline,Kipini,Shark,Sphyrnidae,Sphyrna lewini,Scalloped hammerhead,Mbingusi,F,1,64.5,,,,,,
KPN050618-01,5-Jun-18,Handline,Kipini,Shark,Sphyrnidae,Sphyrna lewini,Scalloped hammerhead,Mbingusi,F,1,60,,,,,,
KPN050618-01,5-Jun-18,Handline,Kipini,Shark,Sphyrnidae,Sphyrna lewini,Scalloped hammerhead,Mbingusi,M,1,62,,,,,,
KPN050618-01,5-Jun-18,Handline,Kipini,Shark,Rhyncodontidae,Rhynchobatus djiddensis,Giant guitarfish,papa upanga,F,3,84,,,,,,
KPN050618-01,5-Jun-18,Handline,Kipini,Shark,Rhyncodontidae,Rhynchobatus djiddensis,Giant guitarfish,papa upanga,F,3.5,86,,,,,,
KPN050618-01,5-Jun-18,Handline,Kipini,Shark,Carcharhinidae,Carcharhinus amblyrhynchos,Grey reef,Suhela,M,1,62,,,,,,
KPN050618-01,5-Jun-18,Handline,Kipini,Shark,Carcharhinidae,Carcharhinus amblyrhynchos,Grey reef,Suhela,M,0.75,57,,,,,,
KPN050618-01,5-Jun-18,Handline,Kipini,Shark,Carcharhinidae,Carcharhinus amblyrhynchos,Grey reef,Suhela,M,0.75,55,,,,,,
KPN050618-02,5-Jun-18,Handline,Kipini,Shark,Carcharhinidae,Carcharhinus leucas,Bullshark,Burasi,M,2,88,,,,,,
KPN050618-02,5-Jun-18,Handline,Kipini,Shark,Carcharhinidae,Carcharhinus leucas,Bullshark,Burasi,M,2,93,,,,,,
KPN050618-02,5-Jun-18,Handline,Kipini,Shark,Carcharhinidae,Carcharhinus leucas,Bullshark,Burasi,M,2,91,,,,,,
KPN050618-02,5-Jun-18,Handline,Kipini,Shark,Carcharhinidae,Carcharhinus leucas,Bullshark,Burasi,M,2,86,,,,,,
KPN050618-02,5-Jun-18,Handline,Kipini,Shark,Sphyrnidae,Sphyrna lewini,Scalloped hammerhead,Mbingusi,F,1.5,72,,,,,,
KPN050618-02,5-Jun-18,Handline,Kipini,Shark,Sphyrnidae,Sphyrna lewini,Scalloped hammerhead,Mbingusi,F,1,60,,,,,,
KPN050618-02,5-Jun-18,Handline,Kipini,Shark,Sphyrnidae,Sphyrna lewini,Scalloped hammerhead,Mbingusi,F,1,65,,,,,,
KPN050618-02,5-Jun-18,Handline,Kipini,Shark,Carcharhinidae,Carcharhinus amblyrhynchos,Grey reef,Suhela,F,0.25,44,,,,,,
KPN050618-02,5-Jun-18,Handline,Kipini,Shark,Carcharhinidae,Carcharhinus amblyrhynchos,Grey reef,Suhela,M,0.25,40,,,,,,
KPN050618-02,5-Jun-18,Handline,Kipini,Shark,Carcharhinidae,Carcharhinus amblyrhynchos,Grey reef,Suhela,F,0.25,41.5,,,,,,
KPN050618-03,6-Jun-18,Handline,Kipini,Shark,Sphyrnidae,Sphyrna lewini,Scalloped hammerhead,Mbingusi,F,1.5,59,,,,,,
KPN050618-03,6-Jun-18,Handline,Kipini,Shark,Sphyrnidae,Sphyrna lewini,Scalloped hammerhead,Mbingusi,F,1.25,57.5,,,,,,
KPN050618-03,6-Jun-18,Handline,Kipini,Shark,Sphyrnidae,Sphyrna lewini,Scalloped hammerhead,Mbingusi,F,1.5,52,,,,,,
KPN050618-03,6-Jun-18,Handline,Kipini,Shark,Carcharhinidae,Carcharhinus leucas,Bullshark,Burasi,F,1,61,,,,,,
KPN050618-03,6-Jun-18,Handline,Kipini,Shark,Carcharhinidae,Carcharhinus leucas,Bullshark,Burasi,F,0.5,54,,,,,,
KPN050618-03,6-Jun-18,Handline,Kipini,Shark,Carcharhinidae,Carcharhinus leucas,Bullshark,Burasi,M,0.25,41,,,,,,
KPN050618-03,6-Jun-18,Handline,Kipini,Shark,Carcharhinidae,Carcharhinus leucas,Bullshark,Burasi,M,0.25,46.5,,,,,,
KPN050618-03,6-Jun-18,Handline,Kipini,Shark,Carcharhinidae,Carcharhinus leucas,Bullshark,Burasi,M,0.75,57.5,,,,,,
KPN050618-03,6-Jun-18,Handline,Kipini,Shark,Carcharhinidae,Carcharhinus leucas,Bullshark,Burasi,M,0.75,55,,,,,,
KPN060618-01,7-Jun-18,Handline,Kipini,Shark,Carcharhinidae,Carcharhinus leucas,Bullshark,Burasi,M,2,88,,,,,,
KPN060618-01,7-Jun-18,Handline,Kipini,Shark,Carcharhinidae,Carcharhinus leucas,Bullshark,Burasi,M,1.75,86,,,,,,
KPN070618-01,7-Jun-18,Handline,Kipini,Shark,Carcharhinidae,Carcharhinus leucas,Bullshark,Burasi,F,3,84,,,,,,
KPN070618-01,7-Jun-18,Handline,Kipini,Shark,Carcharhinidae,Carcharhinus leucas,Bullshark,Burasi,M,2,90,,,,,,
KPN070618-01,7-Jun-18,Handline,Kipini,Shark,Sphyrnidae,Sphyrna lewini,Scalloped hammerhead,Mbingusi,F,1,54.5,,,,,,
KPN070618-01,7-Jun-18,Handline,Kipini,Shark,Sphyrnidae,Sphyrna lewini,Scalloped hammerhead,Mbingusi,F,1,49.5,,,,,,
KPN070618-01,7-Jun-18,Handline,Kipini,Shark,Sphyrnidae,Sphyrna lewini,Scalloped hammerhead,Mbingusi,F,1,50,,,,,,
KPN070618-01,7-Jun-18,Handline,Kipini,Shark,Sphyrnidae,Sphyrna lewini,Scalloped hammerhead,Mbingusi,M,1,50.5,,,,,,
KPN070618-01,7-Jun-18,Handline,Kipini,Shark,Sphyrnidae,Sphyrna lewini,Scalloped hammerhead,Mbingusi,M,1.5,55,,,,,,
KPN070618-01,7-Jun-18,Handline,Kipini,Shark,Sphyrnidae,Sphyrna lewini,Scalloped hammerhead,Mbingusi,M,1.5,57,,,,,,
KPN070618-02,7-Jun-18,Handline,Kipini,Shark,Carcharhinidae,Carcharhinus amblyrhynchos,Grey reef,Papa mtanga,F,6.5,117,,,,,,
KPN070618-02,7-Jun-18,Handline,Kipini,Shark,Carcharhinidae,Carcharhinus amblyrhynchos,Grey reef,Papa mtanga,F,2.8,101,,,,,,
KPN070618-02,7-Jun-18,Handline,Kipini,Shark,Carcharhinidae,Carcharhinus amblyrhynchos,Grey reef,Papa mtanga,F,4,109,,,,,,
KPN070618-02,7-Jun-18,Handline,Kipini,Shark,Carcharhinidae,Carcharhinus amblyrhynchos,Grey reef,Papa mtanga,F,4,114,,,,,,
KPN070618-02,7-Jun-18,Handline,Kipini,Shark,Carcharhinidae,Carcharhinus amblyrhynchos,Grey reef,Papa mtanga,F,4,108,,,,,,
KPN070618-02,7-Jun-18,Handline,Kipini,Shark,Carcharhinidae,Carcharhinus amblyrhynchos,Grey reef,Papa mtanga,M,2,79,,,,,,
KPN070618-02,7-Jun-18,Handline,Kipini,Shark,Carcharhinidae,Carcharhinus amblyrhynchos,Grey reef,Papa mtanga,M,2,81,,,,,,
KPN070618-02,7-Jun-18,Handline,Kipini,Shark,Carcharhinidae,Carcharhinus amblyrhynchos,Grey reef,Papa mtanga,M,2,81,,,,,,
KPN070618-02,7-Jun-18,Handline,Kipini,Shark,Carcharhinidae,Carcharhinus amblyrhynchos,Grey reef,Papa mtanga,M,3.5,106,,,,,,
KPN070618-02,7-Jun-18,Handline,Kipini,Shark,Carcharhinidae,Carcharhinus amblyrhynchos,Grey reef,Papa mtanga,F,1.5,75,,,,,,
KPN080618-01,8-Jun-18,Handline,Kipini,Shark,Carcharhinidae,Carcharhinus leucas,Bullshark,Burasi,F,2.75,96,,,,,,
KPN080618-01,8-Jun-18,Handline,Kipini,Shark,Carcharhinidae,Carcharhinus leucas,Bullshark,Burasi,M,2.5,88,,,,,,
KPN080618-01,8-Jun-18,Handline,Kipini,Shark,Carcharhinidae,Carcharhinus leucas,Bullshark,Burasi,F,3,84,,,,,,
KPN080618-01,8-Jun-18,Handline,Kipini,Shark,Carcharhinidae,Carcharhinus amblyrhynchos,Grey reef,Papa mtanga,F,2,88,,,,,,
KPN080618-01,8-Jun-18,Handline,Kipini,Shark,Carcharhinidae,Carcharhinus amblyrhynchos,Grey reef,Papa mtanga,F,1.5,87,,,,,,
KPN080618-01,8-Jun-18,Handline,Kipini,Shark,Carcharhinidae,Carcharhinus leucas,Bullshark,Burasi,F,2,85.5,,,,,,
KPN080618-01,8-Jun-18,Handline,Kipini,Shark,Carcharhinidae,Carcharhinus leucas,Bullshark,Burasi,F,2,77,,,,,,
KPN080618-01,8-Jun-18,Handline,Kipini,Shark,Carcharhinidae,Carcharhinus leucas,Bullshark,Burasi,F,1.79,87,,,,,,
KPN080618-01,8-Jun-18,Handline,Kipini,Shark,Carcharhinidae,Carcharhinus leucas,Bullshark,Burasi,M,2,91,,,,,,
KPN080618-01,8-Jun-18,Handline,Kipini,Shark,Carcharhinidae,Carcharhinus leucas,Bullshark,Burasi,M,2,90,,,,,,
KPN080618-02,8-Jun-18,Handline,Kipini,Shark,Sphyrnidae,Sphyrna lewini,Hammerhead,Mbingusi,F,1.5,70,,,,,,
KPN080618-02,8-Jun-18,Handline,Kipini,Shark,Sphyrnidae,Sphyrna lewini,Hammerhead,Mbingusi,F,1.5,70,,,,,,
KPN080618-02,8-Jun-18,Handline,Kipini,Shark,Sphyrnidae,Sphyrna lewini,Hammerhead,Mbingusi,F,1.5,75,,,,,,
KPN080618-02,8-Jun-18,Handline,Kipini,Shark,Carcharhinidae,Carcharhinus amblyrhynchos,Grey reef,jori jori,M,1,67,48,,,,,
KPN080618-02,8-Jun-18,Handline,Kipini,Shark,Carcharhinidae,Carcharhinus amblyrhynchos,Grey reef,jori jori,F,1,68,46,,,,,
KPN080618-02,8-Jun-18,Handline,Kipini,Shark,Carcharhinidae,Carcharhinus amblyrhynchos,Grey reef,jori jori,M,1,63,47,,,,,
KPN080618-02,8-Jun-18,Handline,Kipini,Shark,Carcharhinidae,Carcharhinus leucas,Bullshark,Burasi,F,2,101,48,,,,,
KPN080618-02,8-Jun-18,Handline,Kipini,Shark,Carcharhinidae,Carcharhinus leucas,Bullshark,Burasi,F,2,79,65,,,,,
KPN080618-02,8-Jun-18,Handline,Kipini,Shark,Carcharhinidae,Carcharhinus leucas,Bullshark,Burasi,F,2,81,66,,,,,
KPN080618-02,8-Jun-18,Handline,Kipini,Shark,Carcharhinidae,Carcharhinus leucas,Bullshark,Burasi,F,2,81,65,,,,,
KPN090618-01,9-Jun-18,Handline,Kipini,Shark,Carcharhinidae,Carcharhinus leucas,Bullshark,Burasi,F,3,101,,,,,,
KPN090618-01,9-Jun-18,Handline,Kipini,Shark,Carcharhinidae,Carcharhinus leucas,Bullshark,Burasi,F,2,92,,,,,,
KPN090618-01,9-Jun-18,Handline,Kipini,Shark,Carcharhinidae,Carcharhinus leucas,Bullshark,Burasi,F,1.5,79,,,,,,
KPN090618-01,9-Jun-18,Handline,Kipini,Shark,Carcharhinidae,Carcharhinus leucas,Bullshark,Burasi,F,3.5,102,,,,,,
KPN090618-01,9-Jun-18,Handline,Kipini,Shark,Carcharhinidae,Carcharhinus leucas,Bullshark,Burasi,M,2,87.5,,,,,,
KPN090618-01,9-Jun-18,Handline,Kipini,Shark,Carcharhinidae,Carcharhinus leucas,Bullshark,Burasi,F,2.5,94.5,,,,,,
KPN090618-01,9-Jun-18,Handline,Kipini,Shark,Carcharhinidae,Carcharhinus leucas,Bullshark,Burasi,F,2,76,,,,,,
KPN090618-01,9-Jun-18,Handline,Kipini,Shark,Carcharhinidae,Carcharhinus leucas,Bullshark,Burasi,M,6,118,,,,,,
KPN090618-01,9-Jun-18,Handline,Kipini,Shark,Carcharhinidae,Carcharhinus leucas,Bullshark,Burasi,M,5.5,118,,,,,,
KPN090618-01,9-Jun-18,Handline,Kipini,Shark,Carcharhinidae,Carcharhinus leucas,Bullshark,Burasi,F,3.5,106,,,,,,
KPN090618-02,9-Jun-18,Handline,Kipini,Shark,Carcharhinidae,Carcharhinus leucas,Bullshark,Burasi,F,2,82,66,,,,,
KPN090618-02,9-Jun-18,Handline,Kipini,Shark,Carcharhinidae,Carcharhinus leucas,Bullshark,Burasi,F,3,99,81,,,,,
KPN090618-02,9-Jun-18,Handline,Kipini,Shark,Carcharhinidae,Carcharhinus leucas,Bullshark,Burasi,F,3,102,82,,,,,
KPN090618-02,9-Jun-18,Handline,Kipini,Shark,Carcharhinidae,Carcharhinus leucas,Bullshark,Burasi,F,3,106,88,,,,,
KPN090618-02,9-Jun-18,Handline,Kipini,Shark,Carcharhinidae,Carcharhinus amblyrhynchos,Grey reef,Jori jori,F,1,68,46,,,,,
KPN090618-02,9-Jun-18,Handline,Kipini,Shark,Carcharhinidae,Carcharhinus amblyrhynchos,Grey reef,Jori jori,M,1,63,47,,,,,
KPN090618-02,9-Jun-18,Handline,Kipini,Shark,Carcharhinidae,Carcharhinus amblyrhynchos,Grey reef,Jori jori,F,1,59,43,,,,,
KPN090618-02,9-Jun-18,Handline,Kipini,Shark,Carcharhinidae,Carcharhinus amblyrhynchos,Grey reef,Suhela,F,0.25,38,27,,,,,
KPN090618-02,9-Jun-18,Handline,Kipini,Shark,Carcharhinidae,Carcharhinus amblyrhynchos,Grey reef,Suhela,F,0.25,47,35,,,,,
KPN090618-02,9-Jun-18,Handline,Kipini,Shark,Carcharhinidae,Carcharhinus amblyrhynchos,Grey reef,Suhela,F,0.25,66,48,,,,,
KPN100618-01,10-Jun-18,Handline,Kipini,Shark,Carcharhinidae,Carcharhinus leucas,Bullshark,Burasi,M,2,91,,,,,,
KPN100618-01,10-Jun-18,Handline,Kipini,Shark,Carcharhinidae,Carcharhinus leucas,Bullshark,Burasi,F,2,82,,,,,,
KPN100618-01,10-Jun-18,Handline,Kipini,Shark,Carcharhinidae,Carcharhinus leucas,Bullshark,Burasi,F,3,92,,,,,,
KPN100618-01,10-Jun-18,Handline,Kipini,Shark,Carcharhinidae,Carcharhinus leucas,Bullshark,Burasi,F,2,80,,,,,,
KPN100618-01,10-Jun-18,Handline,Kipini,Shark,Carcharhinidae,Carcharhinus leucas,Bullshark,Burasi,F,3.5,95,,,,,,
KPN100618-01,10-Jun-18,Handline,Kipini,Shark,Carcharhinidae,Carcharhinus leucas,Bullshark,Burasi,M,2,85,,,,,,
KPN100618-01,10-Jun-18,Handline,Kipini,Shark,Carcharhinidae,Carcharhinus leucas,Bullshark,Burasi,M,2,92.5,,,,,,
KPN100618-01,10-Jun-18,Handline,Kipini,Shark,Carcharhinidae,Carcharhinus leucas,Bullshark,Burasi,F,1.5,76,,,,,,
KPN100618-01,10-Jun-18,Handline,Kipini,Shark,Carcharhinidae,Carcharhinus leucas,Bullshark,Burasi,M,2,85,,,,,,
KPN100618-01,10-Jun-18,Handline,Kipini,Shark,Carcharhinidae,Carcharhinus leucas,Bullshark,Burasi,F,3,104,,,,,,
KPN100618-02,10-Jun-18,Handline,Kipini,Shark,Carcharhinidae,Carcharhinus leucas,Bullshark,Burasi,M,1.5,84.5,70,,,,,
KPN100618-02,10-Jun-18,Handline,Kipini,Shark,Carcharhinidae,Carcharhinus leucas,Bullshark,Burasi,F,1,53,32,,,,,
KPN100618-02,10-Jun-18,Handline,Kipini,Shark,Carcharhinidae,Carcharhinus leucas,Bullshark,Burasi,F,2,96,79,,,,,
KPN100618-02,10-Jun-18,Handline,Kipini,Shark,Carcharhinidae,Carcharhinus leucas,Bullshark,Burasi,F,2.5,99,81,,,,,
KPN100618-02,10-Jun-18,Handline,Kipini,Shark,Carcharhinidae,Carcharhinus amblyrhynchos,Grey reef,jori jori,F,0.25,40,28,,,,,
KPN100618-02,10-Jun-18,Handline,Kipini,Shark,Carcharhinidae,Carcharhinus amblyrhynchos,Grey reef,jori jori,F,0.25,36,26,,,,,
KPN100618-02,10-Jun-18,Handline,Kipini,Shark,Sphyrnidae,Sphyrna lewini,Scalloped hammerhead,Mbingusi,F,0.5,72,,,,,,
KPN100618-02,10-Jun-18,Handline,Kipini,Shark,Sphyrnidae,Sphyrna lewini,Scalloped hammerhead,Mbingusi,F,0.5,57,,,,,,
KPN100618-02,10-Jun-18,Handline,Kipini,Shark,Sphyrnidae,Sphyrna lewini,Scalloped hammerhead,Mbingusi,F,0.5,63,,,,,,
KPN100618-02,10-Jun-18,Handline,Kipini,Shark,Carcharhinidae,Carcharhinus amblyrhynchos,Grey reef,Suhela,F,0.25,32,23,,,,,
KPN160718-01,16-Jul-18,Handline,Kipini,Shark,Sphyrnidae,Sphyrna lewini,Scalloped hammerhead,Mbingusi,M,0.25,50,38,34,,,101-0105,
KPN160718-01,16-Jul-18,Handline,Kipini,Shark,Sphyrnidae,Sphyrna lewini,Scalloped hammerhead,Mbingusi,F,0.25,49,38,34,,,101-0106,
KPN160718-01,16-Jul-18,Handline,Kipini,Shark,Sphyrnidae,Sphyrna lewini,Scalloped hammerhead,Mbingusi,M,0.25,46.5,36,32.5,,,101-0107,
KPN160718-01,16-Jul-18,Handline,Kipini,Shark,Sphyrnidae,Sphyrna lewini,Scalloped hammerhead,Mbingusi,M,0.25,43.5,36.5,32,,,101-0108,
KPN170718-01,17-Jul-18,Handline,Kipini,Shark,Rhyncodontidae,Rhynchodon typus,Whale shark,Hamrani,F,0.75,53.5,43.5,38,,,101-0124,
KPN170718-01,17-Jul-18,Handline,Kipini,Shark,Rhyncodontidae,Rhynchodon typus,Whale shark,Hamrani,M,0.75,53,43.5,39,,,101-0125,
KPN170718-01,17-Jul-18,Handline,Kipini,Shark,Sphyrnidae,Sphyrna lewini,Scalloped hammerhead,Mbingusi,M,0.5,49.5,39,34,,,101-0126,
KPN170718-01,17-Jul-18,Handline,Kipini,Shark,Sphyrnidae,Sphyrna lewini,Scalloped hammerhead,Mbingusi,M,0.5,48,37,33,,,101-0127,
KPN170718-01,17-Jul-18,Handline,Kipini,Shark,Sphyrnidae,Sphyrna lewini,Scalloped hammerhead,Mbingusi,F,0.5,49,38,33.5,,,101-0128,
KPN170718-01,17-Jul-18,Handline,Kipini,Shark,Sphyrnidae,Sphyrna lewini,Scalloped hammerhead,Mbingusi,M,0.5,50.5,40,35,,,101-0129,
KPN170718-01,17-Jul-18,Handline,Kipini,Shark,Sphyrnidae,Sphyrna lewini,Scalloped hammerhead,Mbingusi,M,0.5,50,40,35.5,,,101-0130,
KPN170718-01,17-Jul-18,Handline,Kipini,Shark,Sphyrnidae,Sphyrna lewini,Scalloped hammerhead,Mbingusi,M,0.5,53,40,36,,,101-0131,
KPN170718-01,17-Jul-18,Handline,Kipini,Shark,Sphyrnidae,Sphyrna lewini,Scalloped hammerhead,Mbingusi,F,0.5,50,39,34,,,101-0132,
KPN170718-01,17-Jul-18,Handline,Kipini,Shark,Sphyrnidae,Sphyrna lewini,Scalloped hammerhead,Mbingusi,F,0.5,50,38,34.5,,,101-0133,
KPN170718-01,17-Jul-18,Handline,Kipini,Shark,Carcharhinidae,Carcharhinus falciformis,Silky shark,Kipepeo,F,0.5,17.5,21.5,,,,101-0123,
KPN180718-01,18-Jul-18,Handline,Kipini,Shark,Carcharhinidae,Carcharhinus amblyrhynchos,Grey reef,Suhela,F,0.25,41,34,30,,,101-0141,
KPN180718-01,18-Jul-18,Handline,Kipini,Shark,Carcharhinidae,Carcharhinus amblyrhynchos,Grey reef,Suhela,M,0.75,57,44,39.5,,,101-0142,
KPN180718-01,18-Jul-18,Handline,Kipini,Shark,Sphyrnidae,Sphyrna lewini,Scalloped hammerhead,Mbingusi,F,0.6,49.5,37,34,,,101-0143,
KPN180718-01,18-Jul-18,Handline,Kipini,Shark,Sphyrnidae,Sphyrna lewini,Scalloped hammerhead,Mbingusi,F,0.6,52.5,40,36,,,101-0144,
KPN180718-01,18-Jul-18,Handline,Kipini,Shark,Sphyrnidae,Sphyrna lewini,Scalloped hammerhead,Mbingusi,M,0.6,52,40.5,36.5,,,101-0145,
KPN180718-01,18-Jul-18,Handline,Kipini,Shark,Sphyrnidae,Sphyrna lewini,Scalloped hammerhead,Mbingusi,M,0.6,52,40.5,36.5,,,101-0146,
KPN180718-01,18-Jul-18,Handline,Kipini,Shark,Sphyrnidae,Sphyrna lewini,Scalloped hammerhead,Mbingusi,M,0.6,52,40.5,36,,,101-0147,
KPN180718-01,18-Jul-18,Handline,Kipini,Shark,Sphyrnidae,Sphyrna lewini,Scalloped hammerhead,Mbingusi,M,0.6,51,39,35,,,101-0148,
KPN180718-01,18-Jul-18,Handline,Kipini,Shark,Sphyrnidae,Sphyrna lewini,Scalloped hammerhead,Mbingusi,F,0.5,49,36,33.5,,,101-0149,
KPN180718-01,18-Jul-18,Handline,Kipini,Shark,Sphyrnidae,Sphyrna lewini,Scalloped hammerhead,Mbingusi,F,0.5,49,38,34.5,,,101-0150,
KPN200718-01,20-Jul-18,Handline,Kipini,Shark,Carcharhinidae,Carcharhinus amblyrhynchos,Grey reef,Suhela,M,0.75,51.5,43,36.5,,,101-0169,
KPN200718-01,20-Jul-18,Handline,Kipini,Shark,Carcharhinidae,Carcharhinus amblyrhynchos,Grey reef,Suhela,F,0.65,51,41,36,,,101-0170,
KPN200718-01,20-Jul-18,Handline,Kipini,Shark,Sphyrnidae,Sphyrna lewini,Scalloped hammerhead,Mbingusi,M,1.25,64,48,44,,,101-0171,
KPN200718-01,20-Jul-18,Handline,Kipini,Shark,Sphyrnidae,Sphyrna lewini,Scalloped hammerhead,Mbingusi,M,0.85,55,43.5,38.5,,,101-0172,
KPN200718-01,20-Jul-18,Handline,Kipini,Shark,Sphyrnidae,Sphyrna lewini,Scalloped hammerhead,Mbingusi,F,0.6,48.5,38,34,,,101-0173,
KPN200718-01,20-Jul-18,Handline,Kipini,Shark,Sphyrnidae,Sphyrna lewini,Scalloped hammerhead,Mbingusi,M,0.6,48,38,34,,,101-0174,
KPN200718-01,20-Jul-18,Handline,Kipini,Shark,Sphyrnidae,Sphyrna lewini,Scalloped hammerhead,Mbingusi,F,0.4,49,38.5,34.5,,,101-0175,
KPN200718-01,20-Jul-18,Handline,Kipini,Shark,Sphyrnidae,Sphyrna lewini,Scalloped hammerhead,Mbingusi,M,0.4,44.5,35,31,,,101-0176,
KPN200718-01,20-Jul-18,Handline,Kipini,Shark,Carcharhinidae,Carcharhinus amblyrhynchos,Grey reef,Suhela,F,0.25,39.5,33.5,30,,,101-0177,
KPN200718-01,20-Jul-18,Handline,Kipini,Shark,Carcharhinidae,Carcharhinus amblyrhynchos,Grey reef,Suhela,M,0.25,39.5,33.5,30.5,,,101-0178,
KPN230718-01,23-Jul-18,Handline,Kipini,Shark,Sphyrnidae,Sphyrna lewini,Scalloped hammerhead,Mbingusi,M,0.85,52,39,36,,,101-0296,
KPN230718-01,23-Jul-18,Handline,Kipini,Shark,Sphyrnidae,Sphyrna lewini,Scalloped hammerhead,Mbingusi,M,0.85,54,44,36,,,101-0297,
KPN230718-01,23-Jul-18,Handline,Kipini,Shark,Sphyrnidae,Sphyrna lewini,Scalloped hammerhead,Mbingusi,F,0.65,52.5,39,36.5,,,101-0298,
KPN230718-01,23-Jul-18,Handline,Kipini,Shark,Sphyrnidae,Sphyrna lewini,Scalloped hammerhead,Mbingusi,F,0.5,46.5,36,32,,,101-0299,
KPN230718-01,23-Jul-18,Handline,Kipini,Shark,Sphyrnidae,Sphyrna lewini,Scalloped hammerhead,Mbingusi,M,0.6,50.5,37,34,,,101-0300,
KPN230718-01,23-Jul-18,Handline,Kipini,Shark,Sphyrnidae,Sphyrna lewini,Scalloped hammerhead,Mbingusi,M,0.45,51,36,34,,,101-0301,
KPN240718-01,24-Jul-18,Handline,Kipini,Shark,Sphyrnidae,Sphyrna lewini,Scalloped hammerhead,Mbingusi,M,0.8,53.5,41,36,,,101-0330,
KPN240718-01,24-Jul-18,Handline,Kipini,Shark,Sphyrnidae,Sphyrna lewini,Scalloped hammerhead,Mbingusi,M,0.6,50,39,34,,,101-0331,
KPN240718-01,24-Jul-18,Handline,Kipini,Shark,Sphyrnidae,Sphyrna lewini,Scalloped hammerhead,Mbingusi,M,0.5,49,39,34,,,101-0332,
KPN240718-01,24-Jul-18,Handline,Kipini,Shark,Sphyrnidae,Sphyrna lewini,Scalloped hammerhead,Mbingusi,F,1,56,44,40,,,101-0333,
KPN240718-01,24-Jul-18,Handline,Kipini,Shark,Sphyrnidae,Sphyrna lewini,Scalloped hammerhead,Mbingusi,M,1,55,42,37,,,101-0334,
KPN240718-01,24-Jul-18,Handline,Kipini,Shark,Sphyrnidae,Sphyrna lewini,Scalloped hammerhead,Mbingusi,M,0.6,50,39,34.5,,,101-0335,
KPN240718-01,24-Jul-18,Handline,Kipini,Shark,Sphyrnidae,Sphyrna lewini,Scalloped hammerhead,Mbingusi,F,0.7,51,40,35,,,101-0336,
KPN240718-01,24-Jul-18,Handline,Kipini,Shark,Sphyrnidae,Sphyrna lewini,Scalloped hammerhead,Mbingusi,M,0.7,53,41,37,,,101-0337,
KPN240718-01,24-Jul-18,Handline,Kipini,Shark,Carcharhinidae,Carcharhinus amblyrhynchos,Grey reef,Suhela,M,0.5,48,37,35,,,101-0338,
KPN240718-01,24-Jul-18,Handline,Kipini,Shark,Carcharhinidae,Carcharhinus amblyrhynchos,Grey reef,Suhela,M,0.25,36,29,26,,,101-0339,
KPN250718-01,25-Jul-18,Handline,Kipini,Shark,Sphyrnidae,Sphyrna lewini,Scalloped hammerhead,Mbingusi,F,1,61.5,48,42,,,101-0382,
KPN250718-01,25-Jul-18,Handline,Kipini,Shark,Sphyrnidae,Sphyrna lewini,Scalloped hammerhead,Mbingusi,M,0.8,54,40.5,37,,,101-0383,
KPN250718-01,25-Jul-18,Handline,Kipini,Shark,Sphyrnidae,Sphyrna lewini,Scalloped hammerhead,Mbingusi,F,0.8,53,41,37,,,101-0384,
KPN250718-01,25-Jul-18,Handline,Kipini,Shark,Sphyrnidae,Sphyrna lewini,Scalloped hammerhead,Mbingusi,F,0.8,53,40.5,36.5,,,101-0385,
KPN250718-01,25-Jul-18,Handline,Kipini,Shark,Sphyrnidae,Sphyrna lewini,Scalloped hammerhead,Mbingusi,F,0.7,52,40,35,,,101-0386,
KPN250718-01,25-Jul-18,Handline,Kipini,Shark,Sphyrnidae,Sphyrna lewini,Scalloped hammerhead,Mbingusi,M,0.6,49,38,35,,,101-0387,
KPN250718-01,25-Jul-18,Handline,Kipini,Shark,Sphyrnidae,Sphyrna lewini,Scalloped hammerhead,Mbingusi,F,0.6,50,40,36,,,101-0388,
KPN250718-01,25-Jul-18,Handline,Kipini,Shark,Carcharhinidae,Carcharhinus amblyrhynchos,Grey reef,Suhela,F,0.8,53,44,39.5,,,101-0389,
KPN250718-01,25-Jul-18,Handline,Kipini,Shark,Carcharhinidae,Carcharhinus falciformis,Silky shark,Papa pepo,M,1,59.5,50,44,,,101-0390,
KPN250718-01,25-Jul-18,Handline,Kipini,Shark,Carcharhinidae,Carcharhinus amblyrhynchos,Grey reef,Suhela,F,0.6,50,41,37,,,101-0391,
KPN280718-01,28-Jul-18,Handline,Kipini,Shark,Sphyrnidae,Sphyrna lewini,Scalloped hammerhead,Mbingusi,F,0.7,53,43,38,,,101-0411,
KPN280718-01,28-Jul-18,Handline,Kipini,Shark,Sphyrnidae,Sphyrna lewini,Scalloped hammerhead,Mbingusi,F,0.6,50,39,36,,,101-0412,
KPN280718-01,28-Jul-18,Handline,Kipini,Shark,Sphyrnidae,Sphyrna lewini,Scalloped hammerhead,Mbingusi,M,0.5,50.5,38,34.5,,,101-0413,
KPN280718-01,28-Jul-18,Handline,Kipini,Shark,Sphyrnidae,Sphyrna lewini,Scalloped hammerhead,Mbingusi,F,0.5,49,41,36,,,101-0414,
KPN280718-01,28-Jul-18,Handline,Kipini,Shark,Sphyrnidae,Sphyrna lewini,Scalloped hammerhead,Mbingusi,M,0.4,47,36,32,,,101-0415,
KPN280718-01,28-Jul-18,Handline,Kipini,Shark,Sphyrnidae,Sphyrna lewini,Scalloped hammerhead,Mbingusi,F,0.6,54,42,37,,,101-0416,
KPN280718-01,28-Jul-18,Handline,Kipini,Shark,Sphyrnidae,Sphyrna lewini,Scalloped hammerhead,Mbingusi,F,0.4,48,38,34,,,101-0417,
KPN280718-01,28-Jul-18,Handline,Kipini,Shark,Sphyrnidae,Sphyrna lewini,Scalloped hammerhead,Mbingusi,F,0.4,49,38,34,,,101-0418,
KPN280718-01,28-Jul-18,Handline,Kipini,Shark,Carcharhinidae,Carcharhinus amblyrhynchos,Grey reef,Suhela,M,0.4,44,35,32,,,101-0419,
KPN280718-01,28-Jul-18,Handline,Kipini,Shark,Carcharhinidae,Carcharhinus amblyrhynchos,Grey reef,Suhela,F,0.2,34,28,25,,,101-0420,
KPN290718-01,29-Jul-18,Handline,Kipini,Shark,Rhyncodontidae,Rhynchodon typus,Whale shark,Hamrani,M,0.8,51,41,38,,,101-0423,
KPN290718-01,29-Jul-18,Handline,Kipini,Shark,Carcharhinidae,Carcharhinus amblyrhynchos,Grey reef,Suhela,F,1,52,44,39,,,101-0424,
KPN290718-01,29-Jul-18,Handline,Kipini,Shark,Sphyrnidae,Sphyrna lewini,Scalloped hammerhead,Mbingusi,F,0.6,47,38,34,,,101-0425,
KPN290718-01,29-Jul-18,Handline,Kipini,Shark,Sphyrnidae,Sphyrna lewini,Scalloped hammerhead,Mbingusi,M,0.5,48,36,33,,,101-0426,
KPN290718-01,29-Jul-18,Handline,Kipini,Shark,Sphyrnidae,Sphyrna lewini,Scalloped hammerhead,Mbingusi,F,0.8,54,40,37,,,101-0427,
KPN290718-01,29-Jul-18,Handline,Kipini,Shark,Sphyrnidae,Sphyrna lewini,Scalloped hammerhead,Mbingusi,M,0.6,48,38,34,,,101-0428,
KPN290718-01,29-Jul-18,Handline,Kipini,Shark,Sphyrnidae,Sphyrna lewini,Scalloped hammerhead,Mbingusi,F,0.7,53,41,37,,,101-0429,
KPN290718-01,29-Jul-18,Handline,Kipini,Shark,Sphyrnidae,Sphyrna lewini,Scalloped hammerhead,Mbingusi,M,0.65,53,40,36,,,101-0430,
KPN290718-01,29-Jul-18,Handline,Kipini,Shark,Sphyrnidae,Sphyrna lewini,Scalloped hammerhead,Mbingusi,M,0.6,51,40,36,,,101-0431,
KPN290718-01,29-Jul-18,Handline,Kipini,Shark,Sphyrnidae,Sphyrna lewini,Scalloped hammerhead,Mbingusi,M,0.6,50.5,38.5,35.5,,,101-0432,
KPN310718-01,31-Jul-18,Handline,Kipini,Shark,Sphyrnidae,Sphyrna lewini,Scalloped hammerhead,Mbingusi,F,0.6,53,41,37,,,101-0456,
KPN310718-01,31-Jul-18,Handline,Kipini,Shark,Sphyrnidae,Sphyrna lewini,Scalloped hammerhead,Mbingusi,F,0.7,53,41,38,,,101-0457,
KPN310718-01,31-Jul-18,Handline,Kipini,Shark,Sphyrnidae,Sphyrna lewini,Scalloped hammerhead,Mbingusi,M,0.6,51,41,36.5,,,101-0458,
KPN310718-01,31-Jul-18,Handline,Kipini,Shark,Sphyrnidae,Sphyrna lewini,Scalloped hammerhead,Mbingusi,F,0.6,52,41,36.5,,,101-0459,
KPN310718-01,31-Jul-18,Handline,Kipini,Shark,Sphyrnidae,Sphyrna lewini,Scalloped hammerhead,Mbingusi,F,0.4,46,35,32,,,101-0460,
KPN310718-01,31-Jul-18,Handline,Kipini,Shark,Carcharhinidae,Carcharhinus amblyrhynchos,Grey reef,Suhela,F,0.5,52,41,38,,,101-0461,
KPN310718-01,31-Jul-18,Handline,Kipini,Shark,Carcharhinidae,Carcharhinus amblyrhynchos,Grey reef,Suhela,F,0.3,42,34.5,31.5,,,101-0462,
KPN310718-01,31-Jul-18,Handline,Kipini,Shark,Carcharhinidae,Carcharhinus amblyrhynchos,Grey reef,Suhela,M,0.3,42,34,31,,,101-0463,
KPN310718-01,31-Jul-18,Handline,Kipini,Shark,Carcharhinidae,Carcharhinus amblyrhynchos,Grey reef,Suhela,M,0.3,41,33,30,,,101-0464,
NGM150618-01,15-Jun-18,Handline,Ngomeni,,,,,Bakeshi,M,25,132,,98,,,,
NGM180618-01,18-Jun-18,Handline,Ngomeni,Shark,Carcharhinidae,Carcharhinus falciformis,Silky shark,papa shubili,M,5,98,,64,,,,
NGM180618-01,18-Jun-18,Handline,Ngomeni,Shark,Carcharhinidae,Carcharhinus falciformis,Silky shark,papa shubili,M,4,87,,52,,,,
NGM190618-01,19-Jun-18,Handline,Ngomeni,Shark,Carcharhinidae,Carcharhinus falciformis,Silky shark,papa shubili,M,6,101,,64,,,,
NGM190618-01,19-Jun-18,Handline,Ngomeni,Shark,Carcharhinidae,Carcharhinus falciformis,Silky shark,papa shubili,M,5,98,,54,,,,
NGM220618-01,22-Jun-18,Handline,Ngomeni,Shark,Ginglymostomatidae,Nebrius ferrugineus,Nurse shark,Papa Guigui,F,2.5,74,,58,,,,
NGM220618-01,22-Jun-18,Handline,Ngomeni,Shark,Ginglymostomatidae,Nebrius ferrugineus,Nurse shark,Papa Guigui,F,2,71,,60,,,,
NGM220618-01,22-Jun-18,Handline,Ngomeni,Shark,Ginglymostomatidae,Nebrius ferrugineus,Nurse shark,Papa Guigui,F,1.5,64.5,,54,,,,
NGM220618-02,22-Jun-18,Handline,Ngomeni,Shark,Carcharhinidae,Carcharhinus falciformis,Silky shark,Papa Shubili,F,3,81,,60,,,,
NGM220618-02,22-Jun-18,Handline,Ngomeni,Shark,Carcharhinidae,Carcharhinus falciformis,Silky shark,Papa Shubili,F,2,72,,56,,,,
NGM230618-01,23-Jun-18,Handline,Ngomeni,Shark,Carcharhinidae,Carcharhinus falciformis,Silky shark,papa shubili,F,1.5,68,,54,,,,
NGM230618-02,23-Jun-18,Handline,Ngomeni,Shark,Carcharhinidae,Carcharhinus falciformis,Silky shark,papa shubili,M,2,82,,61,,,,
NGM230618-02,23-Jun-18,Handline,Ngomeni,Shark,Carcharhinidae,Carcharhinus falciformis,Silky shark,papa shubili,M,1.85,79,,59,,,,
NGM230618-02,23-Jun-18,Handline,Ngomeni,Shark,Carcharhinidae,Carcharhinus falciformis,Silky shark,papa shubili,M,1.75,82,,60,,,,
NGM230618-02,23-Jun-18,Handline,Ngomeni,Shark,Carcharhinidae,Carcharhinus falciformis,Silky shark,papa shubili,M,1.73,77,,62,,,,
NGM230618-03,23-Jun-18,Handline,Ngomeni,Shark,Sphyrnidae,Sphyrna lewini,Scalloped hammerhead,Papa mbingusi,M,1.25,66,,47,,,,
NGM230618-04,23-Jun-18,Handline,Ngomeni,Shark,Carcharhinidae,Carcharhinus falciformis,Silky shark,papa shubili,M,3,82,,61,,,,
NGM240618-01,24-Jun-18,Handline,Ngomeni,Shark,Sphyrnidae,Sphyrna lewini,Scalloped hammerhead,Papa mbingusi,M,80,165,,110,,,,
NGM250618-01,25-Jun-18,Handline,Ngomeni,Shark,Sphyrnidae,Sphyrna lewini,Scalloped hammerhead,Papa mbingusi,F,0.5,49,,32,,,,
NGM250618-01,25-Jun-18,Handline,Ngomeni,Shark,Carcharhinidae,Carcharhinus falciformis,Silky shark,papa shubili,M,2,72,,54,,,,
NGM250618-01,25-Jun-18,Handline,Ngomeni,Shark,Carcharhinidae,Carcharhinus falciformis,Silky shark,papa shubili,M,2.5,75,,57,,,,
NGM250618-02,25-Jun-18,Handline,Ngomeni,Shark,Sphyrnidae,Sphyrna lewini,Scalloped hammerhead,Papa mbingusi,F,0.5,47,,34,,,,
NGM250618-02,25-Jun-18,Handline,Ngomeni,Shark,Sphyrnidae,Sphyrna lewini,Scalloped hammerhead,Papa mbingusi,F,0.5,51,,36,,,,
NGM250618-03,25-Jun-18,Handline,Ngomeni,Shark,Sphyrnidae,Sphyrna lewini,Scalloped hammerhead,Papa mbingusi,F,0.5,47,,28,,,,
NGM260618-01,26-Jun-18,Handline,Ngomeni,Shark,Sphyrnidae,Sphyrna lewini,Scalloped hammerhead,Papa mbingusi,F,0.5,44,,22,,,,
NGM260618-01,26-Jun-18,Handline,Ngomeni,Ray,Dasyatidae,Himantura uarnak ,Honeycomb stingray,Shepwa,M,4,12,,4,,,,
NGM270618-01,27-Jun-18,Handline,Ngomeni,Shark,Sphyrnidae,Sphyrna lewini,Scalloped hammerhead,Papa mbingusi,M,0.5,68,,48,,,,
NGM270618-02,27-Jun-18,Handline,Ngomeni,Shark,Carcharhinidae,Carcharhinus falciformis,Silky shark,papa shubili,M,3,81,,60,,,,
NGM270618-02,27-Jun-18,Handline,Ngomeni,Shark,Carcharhinidae,Carcharhinus falciformis,Silky shark,papa shubili,M,2.5,76,,58,,,,
NGM270618-03,27-Jun-18,Handline,Ngomeni,Shark,Carcharhinidae,Carcharhinus falciformis,Silky shark,papa shubili,M,1.5,74,,52,,,,
NGM270618-03,27-Jun-18,Handline,Ngomeni,Shark,Carcharhinidae,Carcharhinus falciformis,Silky shark,papa shubili,M,2.5,76,,56,,,,
NGM270618-04,27-Jun-18,Handline,Ngomeni,Shark,Carcharhinidae,Carcharhinus falciformis,Silky shark,papa shubili,M,4,87,,65,,,,
NGM270618-04,27-Jun-18,Handline,Ngomeni,Shark,Carcharhinidae,Carcharhinus falciformis,Silky shark,papa shubili,M,3,82,,60,,,,
NGM270618-04,27-Jun-18,Handline,Ngomeni,Shark,Carcharhinidae,Carcharhinus falciformis,Silky shark,papa shubili,M,2,80,,58,,,,
NGM270618-04,27-Jun-18,Handline,Ngomeni,Shark,Carcharhinidae,Carcharhinus falciformis,Silky shark,papa shubili,M,1.5,78,,57,,,,
NGM270618-05,27-Jun-18,Handline,Ngomeni,Shark,Carcharhinidae,Carcharhinus falciformis,Silky shark,papa shubili,M,1.5,76,,61,,,,
NGM270618-05,27-Jun-18,Handline,Ngomeni,Shark,Carcharhinidae,Carcharhinus falciformis,Silky shark,papa shubili,M,1,63,,52,,,,
NGM270618-06,27-Jun-18,Handline,Ngomeni,Shark,Carcharhinidae,Carcharhinus falciformis,Silky shark,papa shubili,M,3,81,,60,,,,
NGM270618-06,27-Jun-18,Handline,Ngomeni,Shark,Carcharhinidae,Carcharhinus falciformis,Silky shark,papa shubili,M,1,62,,53,,,,
NGM270618-06,27-Jun-18,Handline,Ngomeni,Shark,Carcharhinidae,Carcharhinus falciformis,Silky shark,papa shubili,M,2,76,,54,,,,
NGM270618-06,27-Jun-18,Handline,Ngomeni,Shark,Carcharhinidae,Carcharhinus falciformis,Silky shark,papa shubili,M,1.5,68,,49,,,,
NGM270618-07,27-Jun-18,Handline,Ngomeni,Shark,Carcharhinidae,Carcharhinus falciformis,Silky shark,papa shubili,M,3,81,,65,,,,
NGM270618-07,27-Jun-18,Handline,Ngomeni,Shark,Carcharhinidae,Carcharhinus falciformis,Silky shark,papa shubili,M,2.5,80,,64,,,,
NGM270618-07,27-Jun-18,Handline,Ngomeni,Shark,Carcharhinidae,Carcharhinus falciformis,Silky shark,papa shubili,M,2,80,,62,,,,
NGM270618-07,27-Jun-18,Handline,Ngomeni,Shark,Carcharhinidae,Carcharhinus falciformis,Silky shark,papa shubili,M,1.5,79,,56,,,,
NGM270618-07,27-Jun-18,Handline,Ngomeni,Shark,Carcharhinidae,Carcharhinus falciformis,Silky shark,papa shubili,M,2.5,81,,61,,,,
NGM270618-07,27-Jun-18,Handline,Ngomeni,Shark,Carcharhinidae,Carcharhinus falciformis,Silky shark,papa shubili,M,2,81,,65,,,,
NGM270618-08,27-Jun-18,Handline,Ngomeni,Shark,Carcharhinidae,Carcharhinus falciformis,Silky shark,papa shubili,M,1.288,63,,55,,,,
NGM270618-08,27-Jun-18,Handline,Ngomeni,Shark,Carcharhinidae,Carcharhinus falciformis,Silky shark,papa shubili,M,1.688,68,,58,,,,
NGM270618-08,27-Jun-18,Handline,Ngomeni,Shark,Carcharhinidae,Carcharhinus falciformis,Silky shark,papa shubili,F,0.485,47,,42,,,,
NGM270618-09,27-Jun-18,Handline,Ngomeni,Shark,Sphyrnidae,Sphyrna lewini,Scalloped hammerhead,Mbingusi,F,1,67,,32,,,,
NGM290618-01,29-Jun-18,Handline,Ngomeni,Shark,Carcharhinidae,Carcharhinus falciformis,Silky shark,papa shubili,M,1.5,78,,54,,,,
NGM290618-01,29-Jun-18,Handline,Ngomeni,Shark,Carcharhinidae,Carcharhinus falciformis,Silky shark,papa shubili,M,2,81,,60,,,,
NGM290618-01,29-Jun-18,Handline,Ngomeni,Shark,Carcharhinidae,Carcharhinus falciformis,Silky shark,papa shubili,M,2.5,82,,64,,,,
NGM290618-02,29-Jun-18,Handline,Ngomeni,Shark,Carcharhinidae,Carcharhinus falciformis,Silky shark,papa shubili,M,1,65,,51,,,,
NGM290618-02,29-Jun-18,Handline,Ngomeni,Shark,Carcharhinidae,Carcharhinus falciformis,Silky shark,papa shubili,M,1.64,79,,56,,,,
NGM290618-02,29-Jun-18,Handline,Ngomeni,Shark,Carcharhinidae,Carcharhinus falciformis,Silky shark,papa shubili,F,1.93,80,,57,,,,
NGM290618-03,29-Jun-18,Handline,Ngomeni,Shark,Carcharhinidae,Carcharhinus falciformis,Silky shark,papa shubili,F,2.5,82,,66,,,,
NGM290618-03,29-Jun-18,Handline,Ngomeni,Shark,Carcharhinidae,Carcharhinus falciformis,Silky shark,papa shubili,F,3,83,,67,,,,
NGM290618-04,29-Jun-18,Handline,Ngomeni,Shark,Carcharhinidae,Carcharhinus falciformis,Silky shark,papa shubili,M,1.843,80,,64,,,,
NGM290618-04,29-Jun-18,Handline,Ngomeni,Shark,Carcharhinidae,Carcharhinus falciformis,Silky shark,papa shubili,M,3.185,82,,67,,,,
NGM290618-04,29-Jun-18,Handline,Ngomeni,Shark,Carcharhinidae,Carcharhinus falciformis,Silky shark,papa shubili,M,2.812,82,,65,,,,
NGM290618-04,29-Jun-18,Handline,Ngomeni,Shark,Carcharhinidae,Carcharhinus falciformis,Silky shark,papa shubili,M,2.524,81,,62,,,,
NGM290618-04,29-Jun-18,Handline,Ngomeni,Shark,Carcharhinidae,Carcharhinus falciformis,Silky shark,papa shubili,F,1.985,80,,59,,,,
NGM290618-04,29-Jun-18,Handline,Ngomeni,Shark,Carcharhinidae,Carcharhinus falciformis,Silky shark,papa shubili,F,1.643,78,,54,,,,
NGM290618-05,29-Jun-18,Handline,Ngomeni,Shark,Carcharhinidae,Carcharhinus falciformis,Silky shark,papa shubili,M,1.423,63,,52,,,,
NGM290618-05,29-Jun-18,Handline,Ngomeni,Shark,Carcharhinidae,Carcharhinus falciformis,Silky shark,papa shubili,M,1.724,78,,56,,,,
NGM290618-05,29-Jun-18,Handline,Ngomeni,Shark,Carcharhinidae,Carcharhinus falciformis,Silky shark,papa shubili,M,1.892,79,,58,,,,
NGM290618-05,29-Jun-18,Handline,Ngomeni,Shark,Carcharhinidae,Carcharhinus falciformis,Silky shark,papa shubili,F,2.41,81,,60,,,,
NGM290618-06,29-Jun-18,Handline,Ngomeni,Shark,Carcharhinidae,Carcharhinus falciformis,Silky shark,papa shubili,F,2,81,,62,,,,
NGM290618-06,29-Jun-18,Handline,Ngomeni,Shark,Carcharhinidae,Carcharhinus falciformis,Silky shark,papa shubili,F,1.5,79,,58,,,,
NGM290618-06,29-Jun-18,Handline,Ngomeni,Shark,Carcharhinidae,Carcharhinus falciformis,Silky shark,papa shubili,M,1,64,,52,,,,
NGM300618-01,30-Jun-18,Handline,Ngomeni,Shark,Carcharhinidae,Carcharhinus sorrah,Spottail shark,Mwanga chapa,M,1.5,62,,57,,,,
NGM300618-01,30-Jun-18,Handline,Ngomeni,Shark,Carcharhinidae,Carcharhinus sorrah,Spottail shark,Mwanga chapa,M,1.643,64,,58,,,,
NGM300618-01,30-Jun-18,Handline,Ngomeni,Shark,Carcharhinidae,Carcharhinus sorrah,Spottail shark,Mwanga chapa,M,1.925,68,,60,,,,
NGM010718-01,1-Jul-18,Handline,Ngomeni,Ray,Dasyatidae,Himantura uarnak ,Honeycomb stingray,Shepwa,F,22,62,,48,,,,
NGM010718-01,1-Jul-18,Handline,Ngomeni,Ray,Dasyatidae,Himantura uarnak ,Honeycomb stingray,Shepwa,F,30,74,,53,,,,
NGM010718-01,1-Jul-18,Handline,Ngomeni,Ray,Dasyatidae,Himantura uarnak ,Honeycomb stingray,Shepwa,M,14,56,,42,,,,
NGM010718-01,1-Jul-18,Handline,Ngomeni,Ray,Dasyatidae,Himantura uarnak ,Honeycomb stingray,Shepwa,M,18,59,,44,,,,
NGM010718-02,1-Jul-18,Handline,Ngomeni,Shark,Sphyrnidae,Sphyrna lewini,Scalloped hammerhead,Mbingusi,F,102,210,,97,,,,
NGM010718-02,1-Jul-18,Handline,Ngomeni,Shark,Sphyrnidae,Sphyrna lewini,Scalloped hammerhead,Mbingusi,F,60,110,,88,,,,
NGM010718-02,1-Jul-18,Handline,Ngomeni,Shark,Sphyrnidae,Sphyrna lewini,Scalloped hammerhead,Mbingusi,M,30,100,,85,,,,
NGM010718-02,1-Jul-18,Handline,Ngomeni,Shark,Sphyrnidae,Sphyrna lewini,Scalloped hammerhead,Mbingusi,M,18,96,,74,,,,
NGM020718-01,2-Jul-18,Handline,Ngomeni,Shark,Carcharhinidae,Carcharhinus falciformis,Silky shark,papa shubili,F,3,84,,64,,,,
NGM020718-01,2-Jul-18,Handline,Ngomeni,Shark,Carcharhinidae,Carcharhinus falciformis,Silky shark,papa shubili,F,2,80,,59,,,,
NGM020718-01,2-Jul-18,Handline,Ngomeni,Shark,Carcharhinidae,Carcharhinus falciformis,Silky shark,papa shubili,F,1.5,79,,58,,,,
NGM020718-01,2-Jul-18,Handline,Ngomeni,Shark,Carcharhinidae,Carcharhinus falciformis,Silky shark,papa shubili,F,1,65,,54,,,,
NGM020718-01,2-Jul-18,Handline,Ngomeni,Shark,Carcharhinidae,Carcharhinus falciformis,Silky shark,papa shubili,F,2.5,81,,65,,,,
NGM030718-01,3-Jul-18,Handline,Ngomeni,Shark,Carcharhinidae,Carcharhinus falciformis,Silky shark,papa shubili,M,2.205,76,,71,,,,
NGM030718-01,3-Jul-18,Handline,Ngomeni,Shark,Carcharhinidae,Carcharhinus falciformis,Silky shark,papa shubili,F,2,64,,59,,,,
NGM030718-01,3-Jul-18,Handline,Ngomeni,Shark,Sphyrnidae,Sphyrna lewini,Scalloped hammerhead,Mbingusi,F,0.5,44,,39,,,,
NGM030718-02,3-Jul-18,Handline,Ngomeni,Shark,Carcharhinidae,Carcharhinus falciformis,Silky shark,papa shubili,F,2.85,83,,74,,,,
NGM030718-02,3-Jul-18,Handline,Ngomeni,Shark,Carcharhinidae,Carcharhinus falciformis,Silky shark,papa shubili,F,2.12,76,,60,,,,
NGM030718-03,3-Jul-18,Handline,Ngomeni,,,,,Bakeshi,F,30,145,,100,,,,
NGM030718-03,3-Jul-18,Handline,Ngomeni,,,,,Bakeshi,F,20,98,,84,,,,
NGM050718-01,5-Jul-18,Handline,Ngomeni,Shark,Carcharhinidae,Carcharhinus falciformis,Silky shark,papa shubili,M,1.54,71,,58,,,,
NGM050718-01,5-Jul-18,Handline,Ngomeni,Shark,Carcharhinidae,Carcharhinus falciformis,Silky shark,papa shubili,M,1.824,80,,62,,,,
NGM050718-02,5-Jul-18,Handline,Ngomeni,Shark,Sphyrnidae,Sphyrna lewini,Scalloped hammerhead,Mbingusi,F,1.5,71,,52,,,,
SHM150718-01,15-Jul-18,Handline,Shimoni,Shark,Carcharhinidae,Carcharhinus amblyrhynchos,Grey reef,Nyamurani,,3.2,85,,72,,,,Head and tail fin removed
SHM150718-01,15-Jul-18,Handline,Shimoni,Ray,Dasyatidae,Dasyatis kuhlii,,Karwe,,8.5,,,,70.2,50.4,,Tail removed
SHM160718-01,16-Jul-18,Handline,Shimoni,Ray,Dasyatidae,Dasyatis kuhlii,,Karwe,M,1.07,,,,34,34,101-0109,
SHM160718-01,16-Jul-18,Handline,Shimoni,Ray,Dasyatidae,Dasyatis kuhlii,,Karwe,M,1.135,,,,26,34.5,101-0110,
SHM160718-01,16-Jul-18,Handline,Shimoni,Ray,Dasyatidae,Dasyatis kuhlii,,Karwe,M,0.895,,,,24,32.5,101-0111,No tail
SHM160718-01,16-Jul-18,Handline,Shimoni,Ray,Dasyatidae,Dasyatis kuhlii,,Karwe,M,1.145,,,,54.5,34,101-0113,Tail present
SHM160718-01,16-Jul-18,Handline,Shimoni,Ray,Dasyatidae,Dasyatis kuhlii,,Karwe,M,1.03,,,,56,32.5,101-0114,
SHM160718-01,16-Jul-18,Handline,Shimoni,Ray,Dasyatidae,Dasyatis kuhlii,,Karwe,M,0.205,,,,36,16,101-0117,Tail present
SHM170718-01,17-Jul-18,Handline,Shimoni,Ray,Dasyatidae,Dasyatis kuhlii,,Karwe,M,1.5205,,,,70,32,101-0120,
SHM170718-01,17-Jul-18,Handline,Shimoni,Ray,Dasyatidae,Taeniura lymma,Bluespotted ribbontail ray,Karuwe,M,1.46,,,,62,32,101-0122,
SHM170718-01,17-Jul-18,Handline,Shimoni,Ray,Dasyatidae,Taeniura lymma,Bluespotted ribbontail ray,Karuwe,,1.3,,,,60,27,101-0123,
SHM190718-01,19-Jul-18,Handline,Shimoni,Shark,_Rhinidae,Rhynchobatus djiddensis,,Papa Fuanda,,0.9,68.5,,62,,,,
SHM190718-01,19-Jul-18,Handline,Shimoni,Ray,Dasyatidae,Taeniura lymma,Bluespotted ribbontail ray,Karuwe,,1,,,,55,13,,
SHM230718-01,23-Jul-18,Handline,Shimoni,Shark,Carcharhinidae,Carcharhinus amblyrhynchos,Grey reef,,,1.085,,,53,,,101-0175,
SHM240718-01,24-Jul-18,Handline,Shimoni,Shark,_Rhinidae,Rhynchobatus djiddensis,,Papa Fuanda,,1.1,72,,66,,,101-0180,
SHM250718-01,25-Jul-18,Handline,Shimoni,Ray,Dasyatidae,Dasyatis kuhlii,,Karwe,M,0.8,,,,50.5,30.5,101-0181,
SHM250718-01,25-Jul-18,Handline,Shimoni,Ray,Dasyatidae,Dasyatis kuhlii,,Karwe,F,0.85,,,,58.5,33,101-0182,
SHM300718-01,30-Jul-18,Handline,Shimoni,Ray,Dasyatidae,Taeniura lymma,Bluespotted ribbontail ray,Taa maji,M,68,,,,150,180,101-0228,Mesured when already cut into two separate pieces.
SHM310718-01,31-Jul-18,Handline,Shimoni,Ray,Dasyatidae,Dasyatis kuhlii,,Karwe,M,1.735,,,,36,40,101-0230,Basket trap
SHM310718-01,31-Jul-18,Handline,Shimoni,Ray,Dasyatidae,Dasyatis kuhlii,,Karwe,F,0.865,,,,31.5,32,101-0232,Basket trap
SHM310718-01,31-Jul-18,Handline,Shimoni,Ray,Dasyatidae,Taeniura lymma,Bluespotted ribbontail ray,Karuwe,M,0.565,,,,51.9,22,101-0233,Spear gun- foot fishers
SHM310718-01,31-Jul-18,Handline,Shimoni,Ray,Dasyatidae,Taeniura lymma,Bluespotted ribbontail ray,Karuwe,,0.865,,,,58.8,24.5,101-0236,Spear gun-foot fishers
SHM010818-01,1-Aug-18,Handline,Shimoni,Ray,Dasyatidae,Himantura uarnak ,Honeycomb stingray,Taa chui,M,26,,,,196,98,"101-0240,101-0248",Tail present
SHM020818-01,2-Aug-18,Handline,Shimoni,Shark,_Rhinidae,Rhynchobatus djiddensis,,Papa Fuanda,F,7.7,75,,,,,,
SHM020818-01,2-Aug-18,Handline,Shimoni,Ray,Dasyatidae,Himantura uarnak ,Honeycomb stingray,Taa chui,M,,,,,83,104,101-0258,
SHM070818-01,7-Aug-18,Handline,Shimoni,Shark,_Rhinidae,Rhynchobatus djiddensis,,papa fuanda,F,1.32,77,,,,,101-0278,
SHM080818-01,8-Aug-18,Handline,Shimoni,Ray,Dasyatidae,Himantura uarnak ,Honeycomb stingray,,,,,,,,,,
SHM100818-01,10-Aug-18,Handline,Shimoni,Ray,Dasyatidae,Dasyatis kuhlii,,Karwe,F,1.5,,,,35,27,101-0315,
SHM140818-01,14-Aug-18,Handline,Shimoni,Ray,Dasyatidae,Himantura uarnak ,Honeycomb stingray,Karuwe,,1.93,,,,69,39,,
SHM140818-01,14-Aug-18,Handline,Shimoni,Ray,Dasyatidae,Himantura uarnak ,Honeycomb stingray,Karuwe,,1.59,,,,66,31,,
SHM140818-01,14-Aug-18,Handline,Shimoni,Ray,Dasyatidae,Himantura uarnak ,Honeycomb stingray,Karuwe,,1.625,,,,71,31,,
SHM180818-01,18-Aug-18,Handline,Shimoni,Ray,Dasyatidae,Himantura uarnak ,Honeycomb stingray,Taa chui,F,15.5,,,,94,86,101-0140,
SHM230818-01,20-Aug-18,Handline,Shimoni,Ray,Dasyatidae,Himantura uarnak ,Honeycomb stingray,Karuwe,,0.985,,,,28,26,101-0414,
SHM230818-01,23-Aug-18,Handline,Shimoni,Shark,_Rhinidae,Rhynchobatus djiddensis,,Papa Fuanda,,1.735,83,,,,,101-0441,
SHM230818-01,23-Aug-18,Handline,Shimoni,Shark,_Rhinidae,Rhynchobatus djiddensis,,Papa Fuanda,,0.935,73.5,,,,,101-0442,
SHM230818-01,23-Aug-18,Handline,Shimoni,Shark,_Rhinidae,Rhynchobatus djiddensis,,Papa Fuanda,,1.745,82,,,,,101-0443,
SHM230818-01,23-Aug-18,Handline,Shimoni,Ray,Dasyatidae,Himantura uarnak ,Honeycomb stingray,Karuwe,,1.195,,,,46,,101-0438,
SHM250818-01,25-Aug-18,Handline,Shimoni,Ray,Dasyatidae,Dasyatis kuhlii,,Karwe,,0.77,,,,24,32,101-0452,
SHM250818-01,25-Aug-18,Handline,Shimoni,Ray,Dasyatidae,Dasyatis kuhlii,,Karwe,,0.86,,,,24,32.5,101-0453,
SHM250818-01,25-Aug-18,Handline,Shimoni,Ray,Dasyatidae,Dasyatis kuhlii,,Karwe,,0.9,,,,25,32.5,101-0454,
KPN010818-01,1-Aug-18,Monofilament,Kipini,Shark,Sphyrnidae,Sphyrna lewini,Hammerhead,Mbingusi,,1.5,78,67.4,,,,,
KPN010818-01,1-Aug-18,Monofilament,Kipini,Shark,Carcharhinidae,Carcharhinus amblyrhynchos,Grey reef,Suhela,,0.836,60.2,50.2,,,,,
KPN010818-01,1-Aug-18,Monofilament,Kipini,Shark,Sphyrnidae,Sphyrna lewini,Hammerhead,Mbingusi,,2.31,38.3,28.1,,,,,
KPN010818-01,1-Aug-18,Monofilament,Kipini,Shark,Sphyrnidae,Sphyrna lewini,Hammerhead,Mbingusi,,1.361,71.2,62.3,,,,,
KPN010818-01,1-Aug-18,Monofilament,Kipini,Shark,Carcharhinidae,Carcharhinus amblyrhynchos,Grey reef,Suhela,,0.259,47,36.2,,,,,
KPN010818-01,1-Aug-18,Monofilament,Kipini,Shark,Carcharhinidae,Carcharhinus amblyrhynchos,Grey reef,Suhela,,0.172,35,27.7,,,,,
KPN010818-01,1-Aug-18,Monofilament,Kipini,Shark,Carcharhinidae,Carcharhinus amblyrhynchos,Grey reef,Suhela,,0.313,44,38.1,,,,,
KPN010818-01,1-Aug-18,Monofilament,Kipini,Shark,Carcharhinidae,Carcharhinus amblyrhynchos,Grey reef,Suhela,,0.28,42,38.2,,,,,
KPN020818-01,2-Aug-18,Monofilament,Kipini,Shark,Carcharhinidae,Carcharhinus amblyrhynchos,Grey reef,Suhela,F,11.6,130,96,,,,,
KPN020818-01,2-Aug-18,Monofilament,Kipini,Shark,Carcharhinidae,Carcharhinus amblyrhynchos,Grey reef,Suhela,F,3.8,49.8,35.7,,,,,
KPN020818-01,2-Aug-18,Monofilament,Kipini,Shark,Carcharhinidae,Carcharhinus amblyrhynchos,Grey reef,Suhela,F,1.3,53.8,32.6,,,,,
KPN020818-01,2-Aug-18,Monofilament,Kipini,Shark,Carcharhinidae,Carcharhinus amblyrhynchos,Grey reef,Suhela,F,1.5,84.6,70.3,,,,,
KPN030818-01,3-Aug-18,Monofilament,Kipini,Shark,Sphyrnidae,Sphyrna lewini,Hammerhead,Mbingusi,M,2.98,38.2,27.6,,,,,
KPN030818-01,3-Aug-18,Monofilament,Kipini,Shark,Sphyrnidae,Sphyrna lewini,Hammerhead,Mbingusi,M,2.45,41.3,29.6,,,,,
KPN030818-01,3-Aug-18,Monofilament,Kipini,Shark,Carcharhinidae,Carcharhinus amblyrhynchos,Grey reef,Suhela,M,2.38,41.7,29.5,,,,,
KPN030818-01,3-Aug-18,Monofilament,Kipini,Shark,Carcharhinidae,Carcharhinus amblyrhynchos,Grey reef,Suhela,F,3.17,49.8,35.7,,,,,
KPN150818-01,15-Aug-18,Gillnet,Kipini,Shark,Carcharhinidae,Carcharhinus amblyrhynchos,Grey reef,Suhela,M,0.35,41,33,30,,,,
KPN150818-01,15-Aug-18,Gillnet,Kipini,Shark,Carcharhinidae,Carcharhinus amblyrhynchos,Grey reef,Suhela,M,0.35,42,34,31,,,,
KPN150818-01,15-Aug-18,Gillnet,Kipini,Shark,Carcharhinidae,Carcharhinus amblyrhynchos,Grey reef,Suhela,F,0.35,42,34.5,31.5,,,,
KPN150818-01,15-Aug-18,Gillnet,Kipini,Shark,Carcharhinidae,Carcharhinus amblyrhynchos,Grey reef,Suhela,F,0.5,51,41,38,,,,
KPN150818-01,15-Aug-18,Gillnet,Kipini,Shark,Sphyrnidae,Sphyrna lewini,Hammerhead,Mbingusi,F,0.4,51,35,32,,,,
KPN150818-01,15-Aug-18,Gillnet,Kipini,Shark,Sphyrnidae,Sphyrna lewini,Hammerhead,Mbingusi,F,0.6,53,42,36.5,,,,
KPN150818-01,15-Aug-18,Gillnet,Kipini,Shark,Sphyrnidae,Sphyrna lewini,Hammerhead,Mbingusi,F,0.7,53,42,37,,,,
KPN150818-01,15-Aug-18,Gillnet,Kipini,Shark,Sphyrnidae,Sphyrna lewini,Hammerhead,Mbingusi,M,0.6,50,41,38,,,,
KPN150818-01,15-Aug-18,Gillnet,Kipini,Shark,Sphyrnidae,Sphyrna lewini,Hammerhead,Mbingusi,F,0.6,51,41,37,,,,
KPN150818-01,15-Aug-18,Gillnet,Kipini,Shark,Sphyrnidae,Sphyrna lewini,Hammerhead,Mbingusi,F,0.6,53.5,42,36.5,,,,
KPN160818-01,16-Aug-18,Gillnet,Kipini,Shark,Carcharhinidae,Carcharhinus amblyrhynchos,Grey reef,Suhela,F,0.25,33.5,28,25,,,,
KPN160818-01,16-Aug-18,Gillnet,Kipini,Shark,Carcharhinidae,Carcharhinus amblyrhynchos,Grey reef,Suhela,M,0.4,43,35,32,,,,
KPN160818-01,16-Aug-18,Gillnet,Kipini,Shark,Sphyrnidae,Sphyrna lewini,Hammerhead,Mbingusi,F,0.4,50,38,34,,,,
KPN160818-01,16-Aug-18,Gillnet,Kipini,Shark,Sphyrnidae,Sphyrna lewini,Hammerhead,Mbingusi,F,0.4,48,38,34.5,,,,
KPN160818-01,16-Aug-18,Gillnet,Kipini,Shark,Sphyrnidae,Sphyrna lewini,Hammerhead,Mbingusi,F,0.6,54,42,37,,,,
KPN160818-01,16-Aug-18,Gillnet,Kipini,Shark,Sphyrnidae,Sphyrna lewini,Hammerhead,Mbingusi,M,0.45,48,36,32,,,,
KPN160818-01,16-Aug-18,Gillnet,Kipini,Shark,Sphyrnidae,Sphyrna lewini,Hammerhead,Mbingusi,F,0.5,49,41,36,,,,
KPN160818-01,16-Aug-18,Gillnet,Kipini,Shark,Sphyrnidae,Sphyrna lewini,Hammerhead,Mbingusi,M,0.5,51,38,34.5,,,,
KPN160818-01,16-Aug-18,Gillnet,Kipini,Shark,Sphyrnidae,Sphyrna lewini,Hammerhead,Mbingusi,F,0.6,50,39,36,,,,
KPN160818-01,16-Aug-18,Gillnet,Kipini,Shark,Sphyrnidae,Sphyrna lewini,Hammerhead,Mbingusi,F,0.7,53,43,38.5,,,,
KPN170818-01,17-Aug-18,Gillnet,Kipini,Shark,Sphyrnidae,Sphyrna lewini,Hammerhead,Mbingusi,M,0.6,51,39,36,,,,
KPN170818-01,17-Aug-18,Gillnet,Kipini,Shark,Sphyrnidae,Sphyrna lewini,Hammerhead,Mbingusi,M,0.6,51,40,36.5,,,,
KPN170818-01,17-Aug-18,Gillnet,Kipini,Shark,Sphyrnidae,Sphyrna lewini,Hammerhead,Mbingusi,M,0.6,53,40,36,,,,
KPN170818-01,17-Aug-18,Gillnet,Kipini,Shark,Sphyrnidae,Sphyrna lewini,Hammerhead,Mbingusi,F,0.75,53,41,37,,,,
KPN170818-01,17-Aug-18,Gillnet,Kipini,Shark,Sphyrnidae,Sphyrna lewini,Hammerhead,Mbingusi,M,0.6,48,38,34,,,,
KPN170818-01,17-Aug-18,Gillnet,Kipini,Shark,Sphyrnidae,Sphyrna lewini,Hammerhead,Mbingusi,F,0.8,55,40,37,,,,
KPN170818-01,17-Aug-18,Gillnet,Kipini,Shark,Sphyrnidae,Sphyrna lewini,Hammerhead,Mbingusi,M,0.5,48,36,33,,,,
KPN170818-01,17-Aug-18,Gillnet,Kipini,Shark,Sphyrnidae,Sphyrna lewini,Hammerhead,Mbingusi,F,0.6,47.5,38,34,,,,
KPN170818-01,17-Aug-18,Gillnet,Kipini,Shark,Carcharhinidae,Carcharhinus amblyrhynchos,Grey reef,Suhela,F,1,52,44,38.5,,,,
KPN170818-01,17-Aug-18,Gillnet,Kipini,,Rhyncodontidae,Rhynchodon typus,Whale shark,Hamram,M,0.8,51,41,38,,,,
KPN180818-01,18-Aug-18,Gillnet,Kipini,Shark,Carcharhinidae,Carcharhinus amblyrhynchos,Grey reef,Suhela,F,0.6,50,41,37,,,,
KPN180818-01,18-Aug-18,Gillnet,Kipini,Shark,Carcharhinidae,Carcharhinus amblyrhynchos,Grey reef,Suhela,M,1,60,50,44,,,,
KPN180818-01,18-Aug-18,Gillnet,Kipini,Shark,Carcharhinidae,Carcharhinus falciformis,Silky shark,Papa pepo,F,0.8,53,44,39,,,,
KPN180818-01,18-Aug-18,Gillnet,Kipini,Shark,Sphyrnidae,Sphyrna lewini,Hammerhead,Mbingusi,F,0.6,50,40,36,,,,
KPN180818-01,18-Aug-18,Gillnet,Kipini,Shark,Sphyrnidae,Sphyrna lewini,Hammerhead,Mbingusi,M,0.6,49.5,38,35,,,,
KPN180818-01,18-Aug-18,Gillnet,Kipini,Shark,Sphyrnidae,Sphyrna lewini,Hammerhead,Mbingusi,F,0.7,52,40,35,,,,
KPN180818-01,18-Aug-18,Gillnet,Kipini,Shark,Sphyrnidae,Sphyrna lewini,Hammerhead,Mbingusi,F,0.8,53,40.5,37,,,,
KPN180818-01,18-Aug-18,Gillnet,Kipini,Shark,Sphyrnidae,Sphyrna lewini,Hammerhead,Mbingusi,F,0.8,53,41,37.5,,,,
KPN180818-01,18-Aug-18,Gillnet,Kipini,Shark,Sphyrnidae,Sphyrna lewini,Hammerhead,Mbingusi,M,0.8,54,41,37.5,,,,
KPN180818-01,18-Aug-18,Gillnet,Kipini,Shark,Sphyrnidae,Sphyrna lewini,Hammerhead,Mbingusi,F,1,62,48,42,,,,
KPN190818-01,19-Aug-18,Gillnet,Kipini,Shark,Carcharhinidae,Carcharhinus amblyrhynchos,Grey reef,Suhela,F,0.7,52,43.5,37,,,,
KPN190818-01,19-Aug-18,Gillnet,Kipini,Shark,Carcharhinidae,Carcharhinus amblyrhynchos,Grey reef,Suhela,M,1.25,51,41,36,,,,
KPN190818-01,19-Aug-18,Gillnet,Kipini,Shark,Sphyrnidae,Sphyrna lewini,Hammerhead,Mbingusi,F,0.8,64,48,44.5,,,,
KPN190818-01,19-Aug-18,Gillnet,Kipini,Shark,Sphyrnidae,Sphyrna lewini,Hammerhead,Mbingusi,M,0.6,55,43.5,38.5,,,,
KPN190818-01,19-Aug-18,Gillnet,Kipini,Shark,Sphyrnidae,Sphyrna lewini,Hammerhead,Mbingusi,F,0.5,48,38,34,,,,
KPN190818-01,19-Aug-18,Gillnet,Kipini,Shark,Sphyrnidae,Sphyrna lewini,Hammerhead,Mbingusi,M,0.4,48,38,34,,,,
KPN190818-01,19-Aug-18,Gillnet,Kipini,Shark,Sphyrnidae,Sphyrna lewini,Hammerhead,Mbingusi,F,0.4,49,39,34.5,,,,
KPN190818-01,19-Aug-18,Gillnet,Kipini,Shark,Sphyrnidae,Sphyrna lewini,Hammerhead,Mbingusi,M,0.4,44.5,35,31,,,,
KPN190818-01,19-Aug-18,Gillnet,Kipini,Shark,Sphyrnidae,Sphyrna lewini,Hammerhead,Mbingusi,F,0.25,45,37,32,,,,
KPN190818-01,19-Aug-18,Gillnet,Kipini,Shark,Sphyrnidae,Sphyrna lewini,Hammerhead,Mbingusi,M,0.25,39.5,33.5,30,,,,
KPN200818-01,20-Aug-18,Gillnet,Kipini,Shark,Sphyrnidae,Sphyrna lewini,Hammerhead,Mbingusi,M,0.25,36,30,26,,,,
KPN200818-01,20-Aug-18,Gillnet,Kipini,Shark,Sphyrnidae,Sphyrna lewini,Hammerhead,Mbingusi,M,0.6,48,37,35,,,,
KPN200818-01,20-Aug-18,Gillnet,Kipini,Shark,Sphyrnidae,Sphyrna lewini,Hammerhead,Mbingusi,M,0.75,53,41,37,,,,
KPN200818-01,20-Aug-18,Gillnet,Kipini,Shark,Sphyrnidae,Sphyrna lewini,Hammerhead,Mbingusi,F,0.65,51,40,35,,,,
KPN200818-01,20-Aug-18,Gillnet,Kipini,Shark,Sphyrnidae,Sphyrna lewini,Hammerhead,Mbingusi,M,0.6,50,39,34,,,,
KPN200818-01,20-Aug-18,Gillnet,Kipini,Shark,Sphyrnidae,Sphyrna lewini,Hammerhead,Mbingusi,M,0.85,55,42,37,,,,
KPN200818-01,20-Aug-18,Gillnet,Kipini,Shark,Sphyrnidae,Sphyrna lewini,Hammerhead,Mbingusi,F,0.85,56,44,40,,,,
KPN200818-01,20-Aug-18,Gillnet,Kipini,Shark,Sphyrnidae,Sphyrna lewini,Hammerhead,Mbingusi,M,0.4,49,39,34,,,,
KPN200818-01,20-Aug-18,Gillnet,Kipini,Shark,Sphyrnidae,Sphyrna lewini,Hammerhead,Mbingusi,M,0.6,50,39,34,,,,
KPN200818-01,20-Aug-18,Gillnet,Kipini,Shark,Sphyrnidae,Sphyrna lewini,Hammerhead,Mbingusi,M,0.8,53,41,36,,,,